locality_id,locality_name,valid_observations,mean_lice,max_lice,breach_rate_pct,watch_rate_pct,mean_temperature_c,mean_ratio_to_limit,mean_risk_score,high_risk_weeks
10029,Tuholmane Ø,24.0,0.105,0.46,0.0,1.92,7.64,0.243,0.354,2.0
10041,Kviksholmen,31.0,0.121,0.37,0.0,3.85,8.17,0.307,0.447,8.0
10045,Eidholmen,15.0,0.126,0.4,0.0,3.85,6.67,0.288,0.446,2.0
10050,Ospøy Ø,15.0,0.177,0.35,0.0,0.0,12.71,0.353,0.511,3.0
10054,Tobbeholmane,26.0,0.181,0.48,0.0,7.69,8.55,0.362,0.46,5.0
10086,Rekeviki,11.0,0.166,0.43,0.0,0.0,6.87,0.333,0.381,2.0
10087,Kalvøya N,36.0,0.139,0.42,0.0,7.69,12.71,0.279,0.504,12.0
10110,Djupevik,27.0,0.119,0.48,0.0,3.85,10.62,0.239,0.423,2.0
10113,Kobbavika,26.0,0.158,0.45,0.0,3.85,9.48,0.317,0.473,4.0
10136,Onarøy,38.0,0.335,0.49,0.0,17.31,10.71,0.719,0.561,16.0
10147,Tungesvik,23.0,0.682,1.1,82.61,1.92,8.19,1.905,0.721,2.0
10149,Rafdal,41.0,0.235,0.87,4.88,11.54,11.87,0.486,0.602,18.0
10181,Oksebåsen V,52.0,0.333,3.63,9.62,11.54,10.38,0.674,0.484,10.0
10212,Bogen,52.0,0.243,0.89,5.77,11.54,10.01,0.52,0.537,14.0
10213,Naustneset,52.0,0.181,0.73,1.92,3.85,10.42,0.39,0.536,17.0
10216,Skåren,36.0,0.258,0.93,13.89,9.62,9.47,0.576,0.476,10.0
10223,Bremnessvaet,24.0,0.177,0.41,0.0,1.92,7.28,0.412,0.469,3.0
10224,Korsneset,39.0,0.322,1.01,17.95,11.54,9.39,0.685,0.474,6.0
10229,Fætten,30.0,0.271,0.63,6.67,9.62,8.81,0.628,0.563,9.0
10232,Mannbruholmen,52.0,0.143,0.89,5.77,5.77,10.02,0.295,0.415,9.0
10256,Bondøya,38.0,0.145,0.43,0.0,5.77,10.71,0.289,0.498,15.0
10262,Lille Kvitholmen,28.0,0.275,0.48,0.0,15.38,7.29,0.628,0.497,9.0
10275,Auskarnes Ø,24.0,0.154,0.62,4.17,3.85,11.09,0.308,0.545,7.0
10281,Store Kvalfjord,34.0,0.03,0.15,0.0,0.0,9.28,0.061,0.318,1.0
10291,Hiskholmen,28.0,0.22,0.43,0.0,5.77,9.33,0.514,0.538,11.0
10292,Lyklingholmen N,27.0,0.126,0.34,0.0,0.0,7.9,0.339,0.405,3.0
10300,Hillersvik,4.0,0.0,0.0,0.0,0.0,10.09,0.0,0.214,0.0
10303,Nappeholmane,27.0,0.011,0.11,0.0,0.0,13.74,0.021,0.375,1.0
10309,Syrtangen,17.0,0.098,0.3,0.0,0.0,12.85,0.196,0.548,6.0
10311,Storlia,50.0,0.419,3.58,10.0,15.38,10.27,0.881,0.501,15.0
10317,Garvik,35.0,0.11,0.47,0.0,3.85,10.05,0.245,0.463,10.0
10318,Gulestø,15.0,0.006,0.02,0.0,0.0,11.7,0.012,0.344,0.0
10319,Ålvora,24.0,0.118,0.46,0.0,1.92,7.46,0.294,0.407,5.0
10324,Gjerdeviksflua,41.0,0.144,0.58,2.44,5.77,12.43,0.3,0.506,12.0
10328,Sagvik,39.0,0.088,0.42,0.0,1.92,12.99,0.176,0.466,10.0
10331,Åkre,39.0,0.24,0.9,10.26,11.54,10.8,0.559,0.56,13.0
10332,Trommo,15.0,0.096,0.3,0.0,0.0,7.07,0.192,0.305,0.0
10338,Djupevik,23.0,0.057,0.2,0.0,0.0,7.51,0.159,0.337,1.0
10375,Nord Leksa,19.0,0.175,1.25,5.26,1.92,10.59,0.349,0.413,2.0
10398,Seiskjæra,35.0,0.11,0.31,0.0,0.0,8.65,0.25,0.393,2.0
10409,Kjelneset,25.0,0.21,0.48,0.0,7.69,12.16,0.421,0.612,11.0
10410,Hindholmen,22.0,0.207,0.47,0.0,5.77,11.46,0.415,0.568,9.0
10421,Storvikbukta,38.0,0.072,0.26,0.0,1.92,8.01,0.176,0.335,0.0
10425,Heggvika,36.0,0.235,0.47,16.67,7.69,8.64,0.581,0.533,8.0
10447,Mefaldskjæret,32.0,0.165,0.48,0.0,3.85,11.19,0.329,0.544,12.0
10505,Dragnes,25.0,0.021,0.07,0.0,0.0,5.59,0.052,0.168,0.0
10513,Nedre Kvarv,36.0,0.149,0.43,0.0,1.92,7.46,0.311,0.349,2.0
10518,Horsvågen,25.0,0.055,0.18,0.0,0.0,5.35,0.116,0.225,0.0
10536,Høgholmen,32.0,0.198,0.49,0.0,7.69,10.39,0.414,0.524,8.0
10552,Storvika III,14.0,0.047,0.08,0.0,0.0,9.09,0.094,0.361,0.0
10570,Uløy,1.0,0.3,0.3,0.0,0.0,4.95,0.6,,
10611,Marøya,29.0,0.007,0.08,0.0,0.0,9.1,0.013,0.246,0.0
10614,Kråkevik,6.0,0.343,0.47,0.0,3.85,4.09,0.687,0.618,2.0
10616,Vinnalandet,4.0,0.0,0.0,0.0,0.0,6.4,0.0,0.112,0.0
10635,Toknebuktneset,6.0,0.308,0.45,0.0,1.92,4.42,0.617,0.474,1.0
10652,Vedbotn,36.0,0.096,0.71,2.78,1.92,7.19,0.193,0.311,0.0
10660,Skinnstakkvika,45.0,0.038,0.21,0.0,0.0,6.73,0.09,0.302,1.0
10724,Klokkstein,32.0,0.168,0.45,0.0,5.77,8.53,0.336,0.494,7.0
10726,Uløybukt,33.0,0.042,0.14,0.0,0.0,9.42,0.086,0.376,0.0
10734,Gourtesjouka,27.0,0.081,0.24,0.0,0.0,10.23,0.163,0.498,6.0
10735,Årøya,52.0,0.063,0.2,0.0,0.0,7.78,0.136,0.353,6.0
10747,Futnes,16.0,0.078,0.35,0.0,0.0,9.03,0.156,0.444,2.0
10753,Strandmo,16.0,0.135,0.49,0.0,1.92,8.8,0.27,0.447,3.0
10754,Glimbukta,15.0,0.083,0.13,0.0,0.0,8.51,0.167,0.373,1.0
10757,Dåvøya,47.0,0.16,0.93,8.51,1.92,7.4,0.34,0.396,4.0
10759,Karanes,52.0,0.077,0.6,1.92,1.92,7.25,0.162,0.336,7.0
10789,Store Lerresfjord,23.0,0.027,0.17,0.0,0.0,9.26,0.053,0.327,1.0
10790,Olderfjord,9.0,0.117,0.27,0.0,0.0,3.99,0.233,0.337,0.0
10791,Nordnes,23.0,0.027,0.18,0.0,0.0,9.7,0.053,0.34,1.0
10794,Mortensnes,45.0,0.14,0.49,0.0,7.69,6.98,0.302,0.438,7.0
10795,Olaneset,46.0,0.202,1.01,10.87,3.85,7.85,0.446,0.439,5.0
10796,Hundbergan,31.0,0.008,0.05,0.0,0.0,9.47,0.016,0.279,0.0
10803,Fjellbukt,48.0,0.191,0.47,0.0,5.77,7.32,0.397,0.436,10.0
10804,Karvika,31.0,0.098,0.35,0.0,0.0,9.88,0.196,0.441,9.0
10806,Rakkenes,32.0,0.066,0.26,0.0,0.0,9.75,0.131,0.385,4.0
10808,Hjellberget,32.0,0.112,0.48,0.0,0.0,7.38,0.223,0.356,4.0
10814,Mårsanjarga,42.0,0.174,1.04,7.14,3.85,7.25,0.384,0.514,9.0
10821,Tuvan,47.0,0.031,0.46,0.0,1.92,7.54,0.061,0.29,2.0
10822,Rivarbukt,47.0,0.059,0.47,0.0,3.85,7.56,0.119,0.337,4.0
10825,Steinviknes,47.0,0.139,1.41,6.38,3.85,7.6,0.279,0.369,9.0
10828,Kleppenes N,46.0,0.098,0.55,2.17,0.0,6.87,0.214,0.401,2.0
10837,Kraken,52.0,0.029,0.11,0.0,0.0,7.2,0.059,0.267,1.0
10838,Slettnesfjord,52.0,0.054,0.26,0.0,0.0,7.15,0.109,0.283,0.0
10840,Lille Kufjord,33.0,0.084,0.35,0.0,0.0,9.36,0.167,0.396,7.0
10858,Mulingen,37.0,0.029,0.1,0.0,0.0,8.07,0.075,0.266,0.0
10862,Båsen,16.0,0.222,0.46,0.0,3.85,5.93,0.444,0.399,2.0
10876,Istervika,39.0,0.078,0.49,0.0,3.85,9.09,0.2,0.383,4.0
10893,Rensøya N,52.0,0.097,1.1,1.92,1.92,9.67,0.198,0.374,6.0
10898,Lamholmen,23.0,0.22,0.55,4.35,9.62,12.96,0.471,0.607,7.0
10961,Skonseng,52.0,0.105,0.47,0.0,7.69,9.2,0.214,0.377,11.0
10974,Store Bukkøy N,37.0,0.204,1.13,2.7,1.92,8.52,0.456,0.472,8.0
10989,Labukta V,18.0,0.187,0.58,11.11,3.85,10.57,0.374,0.524,5.0
10990,Lille Åsvær,32.0,0.137,0.44,0.0,3.85,8.51,0.348,0.413,5.0
11015,Brattholmen,35.0,0.103,0.39,0.0,0.0,11.02,0.205,0.463,9.0
11041,Nord Gåsvær,27.0,0.25,0.57,3.7,7.69,7.33,0.595,0.466,4.0
11072,Rendalsvik,20.0,0.147,0.24,0.0,0.0,5.93,0.293,0.367,0.0
11074,Kvalvika,46.0,0.144,0.49,0.0,5.77,8.91,0.3,0.427,10.0
11076,Digermulen,52.0,0.182,0.47,0.0,9.62,8.91,0.39,0.482,13.0
11112,Kjerkvika,22.0,0.308,0.48,0.0,11.54,11.52,0.616,0.663,11.0
11116,Langholmen,48.0,0.202,0.81,8.33,1.92,8.54,0.423,0.483,13.0
11129,Nordfugløy,37.0,0.125,0.78,2.7,1.92,10.65,0.254,0.478,10.0
11138,Skålsvika,42.0,0.195,0.89,4.76,9.62,9.34,0.438,0.477,7.0
11144,Svinvær,37.0,0.099,0.25,0.0,1.92,7.56,0.259,0.364,3.0
11179,Alterosen,10.0,0.14,0.46,0.0,0.0,13.74,0.28,0.546,1.0
11193,Gamskjæran,52.0,0.328,2.05,13.46,13.46,8.39,0.703,0.463,8.0
11198,Geiterøya I,51.0,0.438,4.77,15.69,11.54,8.35,0.918,0.49,8.0
11201,Kolvikodden Ø,40.0,0.285,0.7,5.0,7.69,9.25,0.601,0.488,5.0
11205,Oterholmen I,49.0,0.25,0.65,2.04,17.31,8.97,0.546,0.501,10.0
11225,Juvågen,12.0,0.188,0.43,0.0,1.92,5.32,0.375,0.248,1.0
11238,Langøyhovden,33.0,0.021,0.12,0.0,0.0,10.44,0.041,0.345,0.0
11248,Bonhammaren,16.0,0.001,0.01,0.0,0.0,9.22,0.001,0.204,0.0
11272,Øksengård,33.0,0.015,0.07,0.0,0.0,8.06,0.039,0.28,1.0
11273,Skysselvika V,30.0,0.018,0.12,0.0,0.0,9.61,0.036,0.292,3.0
11290,Stormneset,30.0,0.076,0.47,0.0,1.92,11.06,0.151,0.466,5.0
11298,Storøya Nø,51.0,0.115,0.95,3.92,3.85,8.12,0.233,0.351,6.0
11303,Veggfjell,33.0,0.033,0.11,0.0,0.0,11.32,0.066,0.388,4.0
11312,Svartfjell,34.0,0.079,0.44,0.0,1.92,11.03,0.158,0.439,8.0
11315,Hellarvika,35.0,0.155,0.44,0.0,7.69,8.86,0.365,0.5,7.0
11318,Hallvardøy,17.0,0.101,0.48,0.0,0.0,4.12,0.201,0.167,0.0
11320,Oksøy,7.0,0.244,0.45,0.0,0.0,4.45,0.489,0.445,1.0
11326,Skøyen,4.0,0.212,0.23,0.0,0.0,7.45,0.425,0.349,0.0
11332,Myrlandshaug,39.0,0.157,0.48,0.0,5.77,8.33,0.313,0.413,8.0
11334,Skjærvika,48.0,0.216,1.5,8.33,1.92,7.91,0.462,0.393,8.0
11338,Ytre Stræte,19.0,0.065,0.14,0.0,0.0,4.65,0.129,0.259,0.0
11339,Ånderkleiva,52.0,0.206,1.13,7.69,7.69,8.01,0.426,0.401,8.0
11340,Bjørnstein,39.0,0.296,1.84,12.82,7.69,7.89,0.661,0.425,4.0
11350,Lavika,52.0,0.207,0.47,0.0,15.38,8.45,0.466,0.487,15.0
11351,Trollvika,50.0,0.11,0.46,0.0,1.92,7.87,0.225,0.399,8.0
11363,Enkeltstein,41.0,0.079,0.37,0.0,0.0,8.81,0.158,0.353,4.0
11364,Årberg,18.0,0.136,0.35,0.0,0.0,10.03,0.272,0.478,4.0
11365,Gjervika,52.0,0.183,1.11,9.62,1.92,8.4,0.409,0.415,12.0
11381,Dypingen,31.0,0.109,0.47,0.0,3.85,10.15,0.217,0.436,8.0
11385,Vestnes,28.0,0.132,0.57,3.57,0.0,10.84,0.265,0.488,8.0
11399,Bogelva,10.0,0.0,0.0,0.0,0.0,8.92,0.0,0.184,0.0
11405,Innerbrokløysa,27.0,0.103,0.45,0.0,3.85,10.74,0.209,0.485,7.0
11413,Sandan Sø,52.0,0.185,1.01,1.92,7.69,8.22,0.404,0.451,14.0
11433,Finnvika S,52.0,0.167,0.39,0.0,0.0,7.92,0.374,0.469,13.0
11435,Bryggelandsholmane,52.0,0.063,0.2,0.0,0.0,10.82,0.144,0.434,10.0
11488,Brattavika,10.0,0.131,0.34,0.0,0.0,11.33,0.262,0.555,4.0
11492,Storevikholmen,24.0,0.205,0.49,0.0,3.85,10.36,0.409,0.591,10.0
11511,Hattasteinen,38.0,0.314,2.72,7.89,7.69,12.44,0.629,0.581,12.0
11513,Andal,41.0,0.097,0.49,0.0,5.77,11.92,0.205,0.492,14.0
11525,Stille S,15.0,0.157,0.43,0.0,3.85,6.83,0.313,0.411,4.0
11530,Gissøysundet S,35.0,0.457,4.62,11.43,7.69,9.85,0.992,0.51,8.0
11533,Usholmsvika,49.0,0.134,0.45,0.0,9.62,10.94,0.301,0.509,15.0
11534,Klungsholmen,52.0,0.584,8.3,13.46,5.77,11.01,1.201,0.473,8.0
11543,Buholmen,52.0,0.28,1.03,15.38,5.77,10.97,0.622,0.556,14.0
11552,Stuholmen,22.0,0.066,0.3,0.0,0.0,7.24,0.193,0.261,3.0
11559,Grimsholmen,35.0,0.273,1.12,22.86,3.85,12.15,0.57,0.575,11.0
11571,Holevik,27.0,0.276,1.97,11.11,1.92,12.95,0.553,0.572,9.0
11574,Breivik S,6.0,0.038,0.22,0.0,0.0,10.29,0.077,0.29,0.0
11575,Koløy N,36.0,0.0,0.0,0.0,0.0,10.43,0.0,0.215,0.0
11605,Soløy Ø,30.0,0.142,0.4,0.0,1.92,13.05,0.283,0.597,14.0
11611,Naveide,51.0,0.226,0.93,5.88,7.69,10.78,0.467,0.528,15.0
11633,Krossholmen,39.0,0.305,1.7,10.26,5.77,10.52,0.628,0.508,8.0
11640,Skorpeosen,46.0,0.136,0.49,6.52,3.85,10.62,0.335,0.473,7.0
11644,Duesund,52.0,0.303,2.47,9.62,13.46,11.72,0.638,0.603,18.0
11649,Stolane,17.0,0.142,0.41,0.0,1.92,12.61,0.285,0.598,7.0
11651,Ramsøy S,40.0,0.279,1.25,15.0,5.77,11.88,0.565,0.547,11.0
11652,Kjeppevikholmen,38.0,0.212,1.3,2.63,13.46,10.07,0.435,0.496,8.0
11657,Gråvika,52.0,0.175,0.61,1.92,11.54,9.89,0.364,0.475,12.0
11665,Jibbersholmane,46.0,0.23,2.54,2.17,7.69,11.09,0.488,0.564,19.0
11667,Gardskråneset,42.0,0.243,2.0,7.14,5.77,11.16,0.487,0.451,7.0
11687,Ramsvik,18.0,0.206,0.73,5.56,0.0,12.06,0.412,0.546,5.0
11688,Portevika,18.0,0.178,0.43,0.0,1.92,12.58,0.357,0.622,8.0
11689,Kjerringneset,32.0,0.212,0.49,0.0,3.85,9.45,0.449,0.535,8.0
11690,Grasholmen,24.0,0.172,0.49,0.0,3.85,10.88,0.344,0.613,10.0
11714,Kvernhusvika,38.0,0.226,0.73,2.63,11.54,12.19,0.454,0.595,13.0
11719,Kråkenes,46.0,0.235,1.9,6.52,7.69,10.74,0.483,0.513,14.0
11721,Bukkeholmen,24.0,0.0,0.0,0.0,0.0,8.29,0.0,0.148,0.0
11736,Fureholmen S,32.0,0.355,3.45,6.25,9.62,12.79,0.709,0.617,13.0
11738,Otterholmen,49.0,0.18,1.06,2.04,13.46,10.75,0.387,0.517,14.0
11740,Haverøy,28.0,0.329,3.63,3.57,5.77,12.4,0.685,0.608,12.0
11749,Bårøy,10.0,0.203,0.47,0.0,1.92,6.56,0.406,0.493,3.0
11758,Sauøy,32.0,0.403,2.26,18.75,3.85,12.73,0.806,0.601,12.0
11767,Langøy,47.0,0.086,0.78,2.13,1.92,11.38,0.176,0.4,9.0
11770,Rotøy,39.0,0.202,0.49,0.0,11.54,12.26,0.405,0.558,14.0
11771,Grisholmsundet,40.0,0.04,0.14,0.0,0.0,10.43,0.103,0.363,5.0
11772,Moldøyosen,49.0,0.062,0.4,0.0,1.92,10.76,0.142,0.406,7.0
11775,Kviteskjeret,5.0,0.202,0.47,0.0,1.92,10.21,0.404,0.738,1.0
11783,Hella,19.0,0.179,0.49,0.0,3.85,12.51,0.359,0.645,9.0
11786,Høyvika,39.0,0.205,0.47,0.0,7.69,11.84,0.428,0.607,21.0
11791,Langeråa,52.0,0.098,0.4,0.0,1.92,10.42,0.207,0.458,9.0
11793,Ånnaholmane,10.0,0.216,0.35,0.0,0.0,6.93,0.432,0.537,2.0
11800,Austneståa,35.0,0.184,0.45,0.0,3.85,9.65,0.371,0.514,12.0
11803,Kyravika,39.0,0.098,0.47,0.0,3.85,10.3,0.206,0.453,8.0
11807,Marøytåa,17.0,0.04,0.35,0.0,0.0,11.74,0.08,0.421,2.0
11809,Krabbestig,35.0,0.452,4.31,14.29,7.69,11.87,0.908,0.564,12.0
11813,Svinøy V,49.0,0.224,0.59,2.04,13.46,10.77,0.475,0.559,14.0
11833,Flåtegrunnen,30.0,0.094,0.49,0.0,3.85,9.41,0.189,0.345,2.0
11854,Pinnen,38.0,0.024,0.13,0.0,0.0,12.66,0.047,0.424,4.0
11856,Salvågvika,39.0,0.059,0.46,0.0,3.85,12.81,0.124,0.457,8.0
11857,Buksevika,39.0,0.06,0.54,2.56,0.0,12.86,0.126,0.434,6.0
11861,Skipningsdalen,36.0,0.132,0.49,0.0,3.85,12.04,0.264,0.547,11.0
11864,Napp,22.0,0.041,0.42,0.0,0.0,11.61,0.083,0.387,3.0
11893,Fosså,32.0,0.242,0.44,0.0,11.54,10.28,0.547,0.569,14.0
11907,Gråtnes,33.0,0.105,0.59,3.03,3.85,10.12,0.255,0.433,4.0
11908,Oltesvik,22.0,0.071,0.47,0.0,3.85,12.95,0.143,0.436,0.0
11913,Kjeahola,28.0,0.168,0.43,0.0,7.69,9.96,0.415,0.466,5.0
11920,Herøy,52.0,0.338,1.18,11.54,19.23,11.04,0.75,0.606,19.0
11922,Oanes Sjø,43.0,0.0,0.0,0.0,0.0,9.63,0.0,0.196,0.0
11925,Vintraviki,48.0,0.267,0.82,4.17,13.46,10.53,0.564,0.603,20.0
11928,Langavika,52.0,0.134,0.74,1.92,3.85,11.03,0.302,0.494,8.0
11930,Bjelkavik,52.0,0.29,1.15,7.69,15.38,11.17,0.62,0.585,20.0
11939,Smal Skar,37.0,0.384,1.9,10.81,23.08,10.93,0.879,0.542,10.0
11964,Ringja,21.0,0.277,0.48,4.76,9.62,7.57,0.702,0.502,5.0
11966,Skigelstrand,52.0,0.15,0.47,0.0,5.77,10.98,0.312,0.512,15.0
11971,Store Teistholmen Ø,36.0,0.274,0.48,2.78,15.38,10.2,0.578,0.582,14.0
11972,Prestholmane,2.0,0.0,0.0,0.0,0.0,10.0,0.0,,0.0
12003,Rossholmen N,17.0,0.025,0.13,0.0,0.0,12.71,0.049,0.367,1.0
12011,Håøya Nø,11.0,0.005,0.03,0.0,0.0,11.09,0.011,0.269,0.0
12018,Rossholmen,34.0,0.081,0.43,0.0,1.92,13.37,0.161,0.475,9.0
12019,Saltkjelen II,14.0,0.269,0.85,7.14,1.92,5.75,0.537,0.404,1.0
12022,Ljonesbjørgene,17.0,0.075,0.29,0.0,0.0,12.43,0.149,0.488,3.0
12033,Dysvik,16.0,0.117,0.29,0.0,0.0,10.44,0.234,0.452,4.0
12035,Hondskår,42.0,0.063,0.38,0.0,0.0,7.52,0.125,0.246,3.0
12036,Hisdalen,42.0,0.14,0.46,0.0,5.77,12.79,0.281,0.561,15.0
12040,Brandaskuta,16.0,0.124,0.4,0.0,1.92,6.5,0.264,0.3,1.0
12047,Mjåneset,52.0,0.463,6.53,9.62,17.31,11.44,0.986,0.517,9.0
12048,Skiftesneset N,52.0,0.216,1.13,5.77,11.54,11.45,0.445,0.526,15.0
12071,Ommundsteigen,52.0,0.122,0.47,0.0,7.69,9.62,0.269,0.453,13.0
12074,Svåsandneset,16.0,0.072,0.22,0.0,0.0,10.56,0.144,0.465,2.0
12077,Tveitnesvik,44.0,0.437,3.45,29.55,9.62,11.27,0.919,0.451,7.0
12078,Gangdal,28.0,0.176,0.48,0.0,11.54,8.85,0.442,0.508,10.0
12081,Straumneset,28.0,0.214,0.48,0.0,9.62,8.48,0.515,0.556,10.0
12086,Alsåkervik,37.0,0.038,0.29,0.0,0.0,11.41,0.075,0.397,3.0
12095,Bergadalen,41.0,0.08,0.44,0.0,1.92,12.13,0.165,0.477,12.0
12108,Skorpo Nv,19.0,0.187,0.43,5.26,1.92,6.86,0.47,0.402,4.0
12109,Ebne,40.0,0.17,0.49,0.0,7.69,13.34,0.351,0.585,18.0
12127,Mælen,42.0,0.013,0.07,0.0,0.0,12.13,0.032,0.344,3.0
12134,Maradalen,40.0,0.164,1.47,2.5,9.62,12.49,0.35,0.523,12.0
12154,Smørdalen,33.0,0.064,0.52,6.06,0.0,8.75,0.137,0.318,1.0
12156,Blom,49.0,0.12,0.49,0.0,3.85,10.86,0.258,0.457,10.0
12178,Bjønnspjotneset,46.0,0.116,0.46,0.0,5.77,11.21,0.25,0.508,16.0
12179,Oslandsurda,37.0,0.226,1.1,8.11,3.85,11.81,0.506,0.589,15.0
12209,Rønstad,30.0,0.113,0.44,0.0,3.85,8.46,0.278,0.398,2.0
12212,Lindeneset,45.0,0.076,0.49,0.0,1.92,10.92,0.154,0.426,11.0
12213,Kvangardsnes,26.0,0.161,0.45,0.0,7.69,9.46,0.322,0.469,5.0
12215,Kleppeneset,34.0,0.09,0.47,0.0,5.77,11.81,0.181,0.442,9.0
12224,Isane,52.0,0.282,2.94,3.85,17.31,10.86,0.589,0.563,17.0
12237,Brudevika,39.0,0.081,0.78,2.56,0.0,11.12,0.162,0.372,0.0
12239,Kråknes,25.0,0.152,0.32,0.0,0.0,7.64,0.371,0.44,3.0
12244,Setevika,50.0,0.181,0.45,2.0,9.62,9.49,0.4,0.535,13.0
12265,Gudmundset,38.0,0.18,0.49,0.0,11.54,12.29,0.361,0.587,15.0
12281,Rogne,39.0,0.193,0.48,0.0,3.85,11.52,0.387,0.556,17.0
12298,Røysa,46.0,0.277,3.67,4.35,7.69,10.39,0.562,0.532,12.0
12308,Bjørndal,37.0,0.138,0.49,2.7,9.62,11.05,0.321,0.498,14.0
12348,Kåholmen,52.0,0.279,2.34,11.54,9.62,9.72,0.6,0.453,14.0
12357,Aursøysva,36.0,0.284,0.75,2.78,19.23,8.98,0.654,0.599,17.0
12361,Bukkholmen S,22.0,0.3,1.05,4.55,11.54,7.12,0.715,0.463,6.0
12366,Raskjæret,15.0,0.351,0.44,0.0,1.92,6.76,0.701,0.49,3.0
12370,Måøydraga,16.0,0.173,0.75,6.25,3.85,11.39,0.346,0.488,3.0
12380,Langøya Kvaløya,52.0,0.147,1.01,3.85,3.85,9.98,0.301,0.401,7.0
12385,Lyngvær Ø II,40.0,0.187,0.48,0.0,7.69,10.9,0.374,0.507,12.0
12392,Lille Torsøy,25.0,0.082,0.32,0.0,0.0,9.4,0.164,0.38,0.0
12394,Ørnøya,50.0,0.142,0.85,2.0,3.85,10.3,0.289,0.447,11.0
12406,Rauodden,52.0,0.145,0.46,0.0,5.77,9.8,0.322,0.458,10.0
12407,Flesa,19.0,0.019,0.12,0.0,0.0,6.73,0.079,0.233,1.0
12435,Grøttingsøy,52.0,0.316,5.04,9.62,5.77,10.04,0.638,0.405,9.0
12449,Tennøya,36.0,0.233,1.16,11.11,7.69,11.46,0.467,0.496,8.0
12466,Brettingen,38.0,0.253,1.35,7.89,1.92,9.46,0.55,0.52,7.0
12483,Hjortholman,52.0,0.142,0.66,1.92,5.77,10.23,0.296,0.501,13.0
12590,Helligholmen,38.0,0.123,0.55,2.63,3.85,11.17,0.245,0.473,11.0
12594,Breidvika,18.0,0.006,0.03,0.0,0.0,11.13,0.012,0.337,0.0
12599,Indre Skjervøy,18.0,0.101,0.4,0.0,1.92,8.89,0.202,0.383,1.0
12625,Bjørgan,50.0,0.337,5.87,4.0,7.69,9.88,0.706,0.52,10.0
12652,Kråkøya,41.0,0.272,0.66,2.44,13.46,9.58,0.62,0.575,13.0
12660,Kipholmen,32.0,0.094,0.49,0.0,3.85,9.65,0.188,0.365,1.0
12662,Ternskjæret II,37.0,0.254,0.49,0.0,13.46,9.38,0.508,0.549,13.0
12705,Skrosen,23.0,0.259,0.48,0.0,9.62,11.72,0.518,0.618,9.0
12712,Slokkholmen Ø,26.0,0.327,1.68,3.85,11.54,7.54,0.721,0.477,8.0
12714,Gjerdinga,34.0,0.193,0.65,8.82,1.92,8.06,0.549,0.494,6.0
12784,Ringholmen,29.0,0.141,0.57,3.45,1.92,9.44,0.283,0.448,3.0
12789,Gunnarøya,26.0,0.07,0.28,0.0,0.0,12.15,0.14,0.447,6.0
12794,Rundklumpen,26.0,0.065,0.48,0.0,1.92,11.8,0.131,0.471,4.0
12832,Risholmen,31.0,0.171,1.0,6.45,5.77,10.29,0.415,0.435,5.0
12839,Vindsnes,37.0,0.096,0.4,0.0,1.92,12.31,0.192,0.467,10.0
12844,Seterneset,23.0,0.042,0.23,0.0,0.0,10.67,0.116,0.343,0.0
12855,Kornstad,30.0,0.315,4.54,6.67,3.85,8.16,0.672,0.426,6.0
12870,Leite,52.0,0.28,3.43,7.69,3.85,10.3,0.591,0.499,12.0
12872,Kattholmen,43.0,0.314,2.34,9.3,9.62,10.23,0.701,0.535,11.0
12879,Endreset,52.0,0.294,2.08,9.62,7.69,10.2,0.609,0.545,11.0
12884,Sandnesbukta,34.0,0.175,0.9,5.88,5.77,10.82,0.399,0.506,10.0
12890,Høybuvika,50.0,0.199,0.49,0.0,11.54,10.25,0.425,0.529,16.0
12892,Sjølsvik,48.0,0.135,0.49,0.0,3.85,10.62,0.287,0.483,13.0
12895,Halsbukta,33.0,0.248,0.48,0.0,11.54,8.4,0.567,0.518,13.0
12897,Honnhammarvika,46.0,0.282,1.87,13.04,5.77,10.48,0.584,0.5,12.0
12904,Merraberget,40.0,0.099,0.71,2.5,1.92,11.5,0.198,0.4,7.0
12966,Lindvik,52.0,0.235,0.48,3.85,21.15,10.72,0.539,0.59,21.0
12973,Saltkjelen I,17.0,0.065,0.27,0.0,0.0,9.98,0.129,0.432,0.0
12978,Lyngholmen,24.0,0.221,0.45,0.0,5.77,7.82,0.498,0.424,4.0
12980,Klubben,52.0,0.217,1.17,7.69,11.54,10.72,0.546,0.526,18.0
12982,Aldeøyna,37.0,0.184,0.42,0.0,5.77,10.8,0.396,0.571,14.0
12988,Aukrasanden,34.0,0.281,1.36,2.94,9.62,9.06,0.61,0.524,11.0
12993,Lamøya,17.0,0.278,1.06,5.88,5.77,7.08,0.555,0.47,3.0
13000,Slåttvika,16.0,0.311,0.97,12.5,5.77,13.5,0.622,0.687,5.0
13006,Hestholmen N,46.0,0.323,1.93,13.04,5.77,8.99,0.677,0.476,7.0
13020,Nygård,52.0,0.135,0.45,0.0,3.85,11.48,0.309,0.511,12.0
13021,Gaustad,52.0,0.25,0.88,3.85,19.23,9.98,0.538,0.541,15.0
13032,Sølvøyane,34.0,0.295,1.71,14.71,5.77,9.71,0.679,0.485,8.0
13035,Sauaneset I,49.0,0.53,2.41,36.73,0.0,11.08,1.123,0.471,6.0
13036,Gjengane,24.0,0.154,0.84,4.17,5.77,9.21,0.308,0.499,5.0
13047,Våtvika,28.0,0.136,0.32,0.0,1.92,6.23,0.34,0.397,1.0
13055,Langøyna Ø,28.0,0.211,0.95,3.57,5.77,9.53,0.422,0.496,7.0
13057,Teigland I,25.0,0.037,0.33,0.0,0.0,13.24,0.074,0.43,0.0
13058,Fusavika,42.0,0.196,1.46,7.14,9.62,12.07,0.429,0.51,10.0
13124,Storstrompan,21.0,0.049,0.17,0.0,0.0,10.9,0.098,0.427,0.0
13125,Storvika,18.0,0.063,0.37,0.0,0.0,8.29,0.127,0.346,1.0
13139,Martnesvika,49.0,0.186,1.29,4.08,7.69,8.94,0.395,0.48,10.0
13143,Bondejorda,37.0,0.084,0.18,0.0,0.0,7.02,0.206,0.383,4.0
13196,Syltøy,33.0,0.162,0.45,0.0,9.62,8.7,0.378,0.455,7.0
13205,Brattholmen,51.0,0.174,1.18,1.96,5.77,10.66,0.363,0.539,14.0
13209,Bognøy,19.0,0.162,0.47,0.0,3.85,12.92,0.324,0.619,10.0
13220,Kalhag,21.0,0.183,0.47,0.0,3.85,13.2,0.366,0.658,11.0
13221,Nautvik,32.0,0.208,0.47,0.0,9.62,10.06,0.415,0.475,7.0
13222,Kunes,52.0,0.171,0.48,3.85,7.69,11.05,0.396,0.504,12.0
13225,Kilaneset,15.0,0.306,0.48,0.0,7.69,12.89,0.612,0.731,8.0
13226,Vindsvik,39.0,0.0,0.0,0.0,0.0,10.19,0.0,0.223,0.0
13227,Altaneset,41.0,0.188,1.48,4.88,5.77,12.49,0.379,0.478,10.0
13229,Djupedalen,42.0,0.129,0.7,2.38,7.69,12.65,0.258,0.494,10.0
13234,Kysnes,26.0,0.212,0.46,0.0,9.62,8.83,0.498,0.549,10.0
13236,Indre Oppedal,19.0,0.164,0.47,0.0,3.85,12.52,0.328,0.58,6.0
13241,Endal Vest,33.0,0.36,2.4,6.06,11.54,12.38,0.734,0.625,13.0
13242,Juvika B,42.0,0.267,1.98,2.38,17.31,10.68,0.559,0.554,17.0
13243,Sandvika,37.0,0.114,0.47,0.0,3.85,8.95,0.257,0.401,6.0
13246,Voldnes,35.0,0.145,0.47,0.0,5.77,8.62,0.333,0.429,6.0
13249,Sagelva,35.0,0.285,1.26,8.57,9.62,9.69,0.625,0.504,10.0
13271,Almurden,52.0,0.209,1.6,3.85,9.62,9.46,0.451,0.467,12.0
13284,Sjølyst,52.0,0.278,1.05,5.77,13.46,9.05,0.588,0.512,14.0
13290,Stigvika,52.0,0.196,0.98,1.92,7.69,9.07,0.423,0.479,15.0
13291,Soløya,52.0,0.168,1.03,3.85,3.85,8.47,0.342,0.425,12.0
13293,Molgavlen,30.0,0.182,0.57,3.33,1.92,11.1,0.4,0.54,11.0
13297,Kines,17.0,0.291,0.47,0.0,7.69,5.2,0.582,0.47,3.0
13305,Barbogen,22.0,0.118,0.35,0.0,0.0,4.62,0.235,0.325,1.0
13306,Ystevika,52.0,0.09,0.38,0.0,0.0,7.99,0.195,0.365,10.0
13337,Hovdenakken,36.0,0.104,0.16,0.0,0.0,7.06,0.253,0.374,3.0
13339,Klungervikneset,27.0,0.017,0.1,0.0,0.0,13.66,0.034,0.38,1.0
13340,Leiholmane,10.0,0.161,0.45,0.0,1.92,11.18,0.322,0.61,5.0
13341,Bakjestranda,42.0,0.201,1.33,7.14,7.69,10.39,0.422,0.51,11.0
13345,Oterstegdalen,32.0,0.068,0.49,0.0,3.85,11.14,0.142,0.411,6.0
13503,Heggvika,52.0,0.257,2.21,7.69,1.92,9.62,0.547,0.465,10.0
13518,Angstauren,19.0,0.367,0.47,0.0,5.77,4.25,0.734,0.449,0.0
13527,Finnkjerka,23.0,0.183,0.48,0.0,1.92,11.26,0.365,0.578,9.0
13530,Sjåneset,35.0,0.088,0.33,0.0,0.0,9.98,0.176,0.412,6.0
13531,Skogshamn,36.0,0.134,0.49,0.0,3.85,7.27,0.268,0.406,1.0
13541,Midtflua,24.0,0.178,0.49,0.0,3.85,8.74,0.431,0.498,8.0
13549,Løypingneset,5.0,0.0,0.0,0.0,0.0,9.4,0.0,0.194,0.0
13554,Overåneset,38.0,0.143,0.48,0.0,7.69,9.6,0.321,0.513,8.0
13562,Uføro,40.0,0.188,0.46,0.0,7.69,12.23,0.4,0.569,15.0
13563,Angelskår,36.0,0.208,0.49,0.0,1.92,10.26,0.484,0.543,16.0
13566,Storskrebukti,38.0,0.228,0.87,2.63,11.54,13.04,0.458,0.605,14.0
13567,Knappen Solheim,48.0,0.576,4.95,22.92,0.0,11.39,1.194,0.472,7.0
13568,Storevik,34.0,0.115,0.46,0.0,1.92,9.12,0.272,0.409,3.0
13570,Ulværholmen,44.0,0.421,3.98,22.73,1.92,9.89,0.857,0.392,3.0
13572,Badstuvika,34.0,0.144,0.63,2.94,5.77,11.8,0.288,0.505,11.0
13573,Kistvika,42.0,0.215,1.17,7.14,3.85,9.7,0.475,0.482,11.0
13581,Ramstadholmen,9.0,0.21,0.4,0.0,1.92,8.53,0.42,0.434,2.0
13592,Hammer,27.0,0.044,0.16,0.0,0.0,7.57,0.089,0.316,0.0
13593,Storfjell,15.0,0.163,0.47,0.0,1.92,4.15,0.327,0.283,1.0
13594,Trolløya Sv,19.0,0.035,0.07,0.0,0.0,4.25,0.071,0.184,0.0
13595,Kuneset,9.0,0.0,0.0,0.0,0.0,7.68,0.0,0.146,0.0
13597,Salangslia,34.0,0.049,0.39,0.0,0.0,9.44,0.098,0.363,2.0
13612,Rundreimstranda,42.0,0.146,0.49,0.0,5.77,9.72,0.328,0.491,11.0
13629,Munkholmen,46.0,0.281,2.77,4.35,7.69,11.22,0.577,0.574,15.0
13643,Hjartholm,25.0,0.169,0.49,0.0,5.77,13.03,0.338,0.607,10.0
13644,Tepstad,34.0,0.143,0.46,0.0,1.92,10.05,0.322,0.461,6.0
13669,Furneset,33.0,0.195,0.44,0.0,5.77,9.16,0.437,0.495,7.0
13677,Trøan Bjørklibukta,38.0,0.274,0.8,13.16,11.54,9.62,0.718,0.518,7.0
13691,Oterfjorden,39.0,0.028,0.17,0.0,0.0,6.58,0.061,0.253,0.0
13699,Leirvika,15.0,0.2,0.6,6.67,1.92,11.86,0.4,0.546,4.0
13704,Vikane,20.0,0.09,0.37,0.0,0.0,7.36,0.217,0.352,1.0
13706,Seljeset,12.0,0.161,0.47,0.0,1.92,7.66,0.322,0.499,2.0
13708,Steinvik,16.0,0.115,0.27,0.0,0.0,7.09,0.258,0.422,2.0
13711,Dyvika,49.0,0.138,0.48,0.0,5.77,10.58,0.318,0.508,15.0
13727,Svellungen,52.0,0.128,0.43,0.0,1.92,10.04,0.27,0.485,11.0
13764,Kokvika,39.0,0.181,0.47,0.0,9.62,8.18,0.407,0.476,9.0
13765,Breiviken,52.0,0.173,1.06,5.77,1.92,9.1,0.407,0.457,9.0
13782,Helgeneshamn,52.0,0.144,0.81,3.85,1.92,8.22,0.3,0.371,10.0
13804,Rogndalen,51.0,0.141,0.38,0.0,0.0,7.84,0.331,0.419,8.0
13813,Kvitelv,25.0,0.015,0.05,0.0,0.0,6.03,0.031,0.177,0.0
13837,Verpeide,37.0,0.356,2.68,13.51,5.77,11.6,0.711,0.524,12.0
13838,Hegnes,37.0,0.107,0.43,0.0,1.92,9.84,0.231,0.446,9.0
13841,Brunsvik,38.0,0.572,5.99,15.79,3.85,11.61,1.144,0.489,11.0
13845,Beitveit,40.0,0.144,0.54,2.5,1.92,11.38,0.288,0.487,10.0
13852,Gjermundnes,52.0,0.292,1.6,3.85,25.0,10.35,0.624,0.598,20.0
13865,Spergittklubben,32.0,0.029,0.16,0.0,0.0,8.91,0.058,0.333,1.0
13867,Raunevågen,42.0,0.193,0.65,4.76,5.77,12.11,0.392,0.545,15.0
13870,Eikebærånæ,51.0,0.085,0.4,0.0,3.85,10.79,0.172,0.414,11.0
13874,Fyllingsnes S,26.0,0.063,0.48,0.0,3.85,7.98,0.142,0.296,2.0
13876,Litletveitholane,52.0,0.124,0.46,0.0,1.92,10.84,0.275,0.502,17.0
13886,Hallarøy V,50.0,0.181,0.49,0.0,15.38,9.89,0.397,0.528,14.0
13887,Reitholmen,40.0,0.366,3.26,15.0,7.69,9.25,0.806,0.491,10.0
13931,Hjartøy Ø,31.0,0.111,0.39,0.0,0.0,8.11,0.252,0.442,4.0
13949,Hagebergan,33.0,0.11,0.42,0.0,1.92,9.43,0.222,0.449,8.0
13996,Hamnefjord,41.0,0.102,0.79,7.32,0.0,6.6,0.212,0.236,0.0
14016,Auenes,27.0,0.155,0.42,0.0,3.85,13.99,0.31,0.539,6.0
14018,Toska S,49.0,0.144,0.48,0.0,5.77,12.09,0.304,0.535,17.0
14019,Øksningen,38.0,0.148,0.45,0.0,3.85,9.2,0.296,0.483,7.0
14035,Guleskjeret,33.0,0.159,0.45,0.0,5.77,9.82,0.389,0.469,6.0
14039,Litle Lunnøy,52.0,0.127,1.74,1.92,3.85,11.06,0.284,0.485,14.0
14041,Edøya,8.0,0.008,0.06,0.0,0.0,9.87,0.015,0.205,0.0
14042,Kattholmen,51.0,0.331,3.67,9.8,1.92,10.08,0.671,0.409,9.0
14043,Lybergsvika,52.0,0.21,0.47,0.0,5.77,10.17,0.462,0.54,15.0
14076,Lismåsøy,29.0,0.262,0.47,3.45,15.38,7.36,0.638,0.495,6.0
14081,Tveit,23.0,0.166,1.02,4.35,1.92,12.01,0.331,0.554,8.0
14086,Lelandsholmen,39.0,0.149,0.48,0.0,9.62,11.96,0.299,0.516,11.0
14136,Hestholmen Ø,49.0,0.228,0.49,0.0,15.38,10.87,0.513,0.556,14.0
14245,Jakobsteinsvika,29.0,0.187,0.4,0.0,3.85,7.0,0.463,0.404,3.0
14435,Ljøsøy N,25.0,0.154,0.48,0.0,3.85,13.21,0.307,0.553,7.0
14495,Nordeimsøyna,52.0,0.292,1.25,1.92,17.31,10.77,0.635,0.57,20.0
14676,Slapøya N,2.0,0.0,0.0,0.0,0.0,6.95,0.0,,0.0
14679,Hellfjorden,17.0,0.138,0.48,0.0,1.92,4.25,0.276,0.358,1.0
14795,Rinøyvåg Ø,19.0,0.096,0.45,0.0,1.92,9.45,0.192,0.457,4.0
14799,Djupestallen,29.0,0.157,0.4,0.0,5.77,9.81,0.379,0.483,10.0
15118,Kalvøya,16.0,0.09,0.27,0.0,0.0,5.39,0.18,0.255,0.0
15196,Aga Ø,30.0,0.16,0.55,3.33,1.92,12.59,0.319,0.606,11.0
15375,Sørøyflesa,52.0,0.135,0.45,0.0,9.62,9.66,0.283,0.458,12.0
15403,Olderøy,45.0,0.227,3.39,2.22,7.69,10.75,0.463,0.507,11.0
15455,Daumannsvika,32.0,0.009,0.05,0.0,0.0,7.62,0.018,0.182,0.0
15456,Søreide,41.0,0.131,0.48,0.0,5.77,11.51,0.265,0.525,13.0
15460,Laholmen,45.0,0.158,0.69,2.22,3.85,6.21,0.324,0.376,6.0
15461,Storvika,23.0,0.144,1.12,4.35,1.92,8.35,0.29,0.393,5.0
15462,Sarnes,7.0,0.267,0.37,0.0,0.0,4.3,0.534,0.422,0.0
15517,Tinnlandet,34.0,0.134,0.49,0.0,3.85,5.89,0.318,0.33,2.0
15659,Nøklan,43.0,0.192,1.02,2.33,1.92,7.43,0.4,0.473,10.0
15796,Borgarliflot,47.0,0.34,1.39,4.26,25.0,10.93,0.728,0.61,18.0
15860,Kvenbukta V,52.0,0.244,0.56,1.92,9.62,8.37,0.523,0.502,14.0
15957,Latvika,34.0,0.016,0.1,0.0,0.0,6.08,0.041,0.175,0.0
16015,Russelva,35.0,0.125,0.42,0.0,3.85,9.47,0.254,0.478,13.0
16055,Kråkeberget,23.0,0.155,0.46,0.0,1.92,9.4,0.31,0.555,8.0
16165,Tårnvika,51.0,0.201,1.27,7.84,3.85,8.88,0.416,0.471,9.0
16216,Lønskog,14.0,0.058,0.21,0.0,0.0,9.66,0.116,0.419,1.0
16255,Skarvfjell,32.0,0.05,0.2,0.0,0.0,9.2,0.1,0.369,3.0
16736,Kåvika,25.0,0.176,1.09,8.0,3.85,10.25,0.352,0.463,4.0
16755,Hageberg,15.0,0.36,0.45,0.0,7.69,6.88,0.72,0.517,4.0
16939,Fornes,17.0,0.094,0.57,5.88,0.0,4.34,0.188,0.211,0.0
17015,Seglberget,28.0,0.042,0.38,0.0,0.0,13.91,0.084,0.472,4.0
17077,Trettevik,27.0,0.123,0.25,0.0,0.0,5.64,0.293,0.368,1.0
17176,Holandselv,35.0,0.144,0.48,0.0,5.77,8.06,0.289,0.328,2.0
17177,Grunneneset,52.0,0.236,2.41,1.92,17.31,10.28,0.506,0.549,15.0
17235,Ørnes,41.0,0.215,2.78,4.88,1.92,8.4,0.479,0.41,7.0
17357,Rennaren,41.0,0.194,0.62,2.44,3.85,11.77,0.388,0.571,16.0
17495,Vullum,38.0,0.251,1.55,7.89,3.85,9.6,0.583,0.49,7.0
17575,Tollaksholmen,42.0,0.23,0.77,2.38,7.69,12.67,0.466,0.639,17.0
18015,Hestabyneset,17.0,0.271,0.48,0.0,1.92,6.74,0.575,0.411,0.0
18117,Vassvika,24.0,0.035,0.23,0.0,0.0,9.88,0.071,0.365,2.0
18217,Kvaløy Ø,24.0,0.06,0.37,0.0,0.0,7.49,0.142,0.32,2.0
18235,Bastli,28.0,0.349,2.91,3.57,11.54,9.51,0.79,0.509,6.0
18275,Kjeringå,28.0,0.109,0.41,0.0,1.92,13.9,0.217,0.533,8.0
18639,Halsavika,52.0,0.292,0.8,1.92,26.92,10.95,0.644,0.613,17.0
18657,Skredstivik,18.0,0.241,0.87,11.11,5.77,6.78,0.554,0.39,3.0
18717,Hammarvika,52.0,0.202,0.47,0.0,13.46,8.91,0.434,0.523,16.0
18755,Klungset,24.0,0.085,0.39,0.0,0.0,11.97,0.169,0.483,1.0
18898,Skaftå,48.0,0.208,1.48,4.17,7.69,11.08,0.441,0.497,14.0
18936,Igerøy Ø,52.0,0.122,0.48,0.0,9.62,9.05,0.258,0.401,11.0
19015,Stokkvika,10.0,1.45,2.55,80.0,0.0,14.53,2.9,,0.0
19016,Storskogøya,49.0,0.172,0.52,4.08,1.92,10.15,0.356,0.462,13.0
19098,Leivsethamran,30.0,0.002,0.02,0.0,0.0,9.86,0.005,0.241,0.0
19115,Fugløya,38.0,0.187,0.97,13.16,3.85,11.37,0.376,0.45,7.0
19195,Korsholman,29.0,0.008,0.06,0.0,0.0,12.44,0.017,0.356,1.0
19278,Forsåstorvika,23.0,0.074,0.24,0.0,0.0,11.23,0.148,0.49,1.0
19336,Flatholmen,30.0,0.129,0.34,0.0,0.0,13.24,0.259,0.579,11.0
19355,Låva,25.0,0.288,2.69,4.0,9.62,8.07,0.624,0.464,7.0
19356,Kvalrosskjæret,1.0,0.14,0.14,0.0,0.0,6.34,0.28,,
19635,Skatleia,17.0,0.034,0.23,0.0,0.0,6.12,0.091,0.125,0.0
19655,Ospeneset,21.0,0.124,0.33,0.0,0.0,13.16,0.248,0.575,10.0
19755,Klubben,8.0,0.422,1.32,25.0,0.0,15.93,0.856,0.741,3.0
19855,Segelråa,30.0,0.296,0.51,6.67,11.54,8.09,0.683,0.511,9.0
19875,Or,44.0,0.233,0.49,0.0,15.38,10.25,0.515,0.556,14.0
19939,Høysteinen,11.0,0.26,0.43,0.0,0.0,6.41,0.52,0.351,0.0
19977,Jektholmen,29.0,0.308,1.06,10.34,13.46,11.98,0.616,0.594,11.0
19995,Hagahammaren,35.0,0.242,0.56,11.43,5.77,7.72,0.56,0.451,8.0
20075,Tjajneluokta,29.0,0.08,0.3,0.0,0.0,7.87,0.161,0.302,0.0
20096,Sandholman,10.0,0.16,0.4,0.0,1.92,7.95,0.32,0.425,3.0
20115,Skjerholmen N,52.0,0.291,1.13,13.46,13.46,10.74,0.629,0.537,16.0
20316,Korsnes,51.0,0.138,0.72,3.92,9.62,8.51,0.287,0.415,10.0
20396,Bergsnes V,43.0,0.151,0.91,2.33,3.85,7.33,0.337,0.446,8.0
20455,Djupevika,6.0,0.248,0.5,16.67,0.0,6.13,0.497,0.366,1.0
20559,Langskjæra,52.0,0.28,2.55,9.62,13.46,9.99,0.576,0.445,10.0
20576,Kvanntoneset,21.0,0.091,0.3,0.0,0.0,10.29,0.182,0.441,3.0
20595,Kyrholmen S,51.0,0.281,1.17,15.69,9.62,11.11,0.616,0.545,15.0
20776,Storoksen,32.0,0.271,2.44,15.62,1.92,12.57,0.541,0.508,5.0
20796,Skarbukta,21.0,0.128,1.1,4.76,1.92,6.81,0.341,0.361,3.0
20815,Slettvika,34.0,0.196,0.49,0.0,9.62,9.24,0.4,0.515,11.0
20876,Børøya,32.0,0.017,0.07,0.0,0.0,10.39,0.034,0.303,0.0
20897,Gisløy S,37.0,0.08,0.4,0.0,1.92,8.08,0.203,0.353,4.0
21016,Husfjord,40.0,0.06,0.41,0.0,3.85,6.96,0.125,0.257,2.0
21176,Risvik,34.0,0.106,0.48,0.0,0.0,9.21,0.213,0.307,0.0
21335,Floteneset,24.0,0.147,0.44,0.0,2.08,7.4,0.373,0.453,3.0
21336,Djupeleget,17.0,0.135,0.46,0.0,3.85,9.93,0.269,0.52,4.0
21397,Midt Femris,26.0,0.18,0.48,0.0,3.85,10.02,0.36,0.517,5.0
21415,Dyrholmen,52.0,0.31,0.49,0.0,25.0,10.88,0.653,0.602,20.0
21516,Hulløyhamn Ø,9.0,0.157,0.3,0.0,0.0,4.59,0.313,0.38,0.0
21676,Kråkholmen,52.0,0.252,0.58,1.92,13.46,9.52,0.541,0.537,17.0
21755,Tendalsvik,39.0,0.025,0.23,0.0,0.0,12.77,0.053,0.415,5.0
21795,Skarvhausen,35.0,0.116,0.48,0.0,5.77,7.87,0.291,0.402,8.0
21915,Matløyso,24.0,0.162,0.51,4.17,3.85,13.68,0.325,0.633,10.0
22035,Buktodden Nø,27.0,0.247,0.49,0.0,7.69,7.0,0.581,0.452,5.0
22095,Hågardsneset,51.0,0.109,0.46,0.0,1.92,10.89,0.219,0.454,14.0
22315,Skavhella,22.0,0.145,0.47,0.0,3.85,13.14,0.29,0.594,10.0
22335,Storvika,34.0,0.221,0.6,2.94,9.62,9.1,0.509,0.512,7.0
22435,Stretarneset,16.0,0.076,0.23,0.0,0.0,5.51,0.151,0.279,0.0
22455,Bjørlykkestranda,29.0,0.239,1.08,6.9,3.85,8.8,0.535,0.458,7.0
22596,Hesbygrunnen,29.0,0.077,0.35,0.0,0.0,13.91,0.154,0.539,10.0
22775,Kvaløya,40.0,0.24,1.12,5.0,5.77,10.38,0.526,0.556,14.0
22796,Renga S,18.0,0.094,0.43,0.0,1.92,7.95,0.188,0.39,1.0
22915,Kalsøyflu,52.0,0.327,3.64,5.77,17.31,11.08,0.682,0.592,21.0
22955,Svollandsneset,42.0,0.234,1.38,9.52,5.77,12.01,0.502,0.521,12.0
23055,Storvika V,37.0,0.144,0.42,0.0,1.92,7.25,0.289,0.432,3.0
23056,Lekangsund II,39.0,0.151,0.41,0.0,3.85,7.22,0.309,0.4,3.0
23375,Sørevik,32.0,0.188,0.45,0.0,7.69,10.35,0.375,0.539,10.0
23436,Bjørnholmen,5.0,0.02,0.1,0.0,0.0,9.57,0.04,0.197,0.0
23816,Nordbotnet,31.0,0.111,0.47,0.0,3.85,8.16,0.223,0.341,1.0
24035,Håvikvågen S,52.0,0.234,1.54,5.77,11.54,11.16,0.49,0.521,15.0
24115,Singsholmen,34.0,0.194,0.47,0.0,13.46,11.96,0.388,0.604,15.0
24135,Utåker,39.0,0.032,0.44,0.0,1.92,12.48,0.065,0.382,3.0
24175,Ytre Lavollsfjord,52.0,0.134,1.24,1.92,0.0,7.6,0.273,0.401,11.0
24197,Værøya Ø,29.0,0.22,0.49,0.0,9.62,12.47,0.441,0.604,11.0
24295,Isbergan,34.0,0.074,0.18,0.0,0.0,10.28,0.147,0.448,4.0
24315,Gjæsingen,41.0,0.112,0.41,0.0,1.92,9.67,0.225,0.425,6.0
24455,Klavelandet,46.0,0.133,0.53,2.17,3.85,10.34,0.337,0.468,9.0
24456,Slettholmene,49.0,0.137,1.35,2.04,1.92,9.96,0.279,0.376,6.0
24495,Nystølvågen,43.0,0.216,0.56,11.63,5.77,11.86,0.614,0.538,13.0
24535,Storholmen,6.0,0.258,0.48,0.0,1.92,4.2,0.517,0.451,1.0
24575,Farmannsøya,40.0,0.15,0.43,0.0,5.77,9.23,0.3,0.465,0.0
24615,Grunnsøya,35.0,0.025,0.09,0.0,0.0,11.89,0.05,0.38,3.0
24695,Årnes,29.0,0.135,0.79,6.9,0.0,11.07,0.27,0.476,7.0
24696,Ørnøya II,51.0,0.133,0.67,1.96,5.77,10.24,0.27,0.436,12.0
24735,Gulholmen,38.0,0.241,0.86,13.16,5.77,10.8,0.527,0.539,10.0
24937,Nebbo,24.0,0.168,0.45,0.0,3.85,8.21,0.421,0.476,6.0
24975,Kvernavika,20.0,0.338,0.86,25.0,3.85,12.95,0.675,0.624,5.0
25055,Bekksneset,27.0,0.221,1.02,3.7,3.85,13.01,0.442,0.602,9.0
25235,Humulen,19.0,0.236,0.49,0.0,5.77,6.61,0.472,0.465,3.0
25695,Gjerde,46.0,0.165,0.47,0.0,17.31,10.84,0.382,0.533,19.0
25736,Josommarset,28.0,0.096,0.47,0.0,0.0,8.12,0.193,0.347,1.0
25815,Tittelsnes,40.0,0.23,2.47,7.5,5.77,11.67,0.483,0.52,12.0
25835,Flatøyflu,50.0,0.281,0.98,8.0,11.54,10.82,0.598,0.58,16.0
25855,Tussøya,10.0,0.007,0.03,0.0,0.0,7.29,0.014,0.172,0.0
25895,Flornes,26.0,0.347,0.95,11.54,9.62,8.5,0.818,0.559,9.0
25896,Skorpo,24.0,0.345,0.7,12.5,9.62,7.65,0.97,0.51,5.0
26055,Toppsund Ø,41.0,0.102,0.48,0.0,1.92,8.42,0.228,0.391,7.0
26135,Kjørsvikgrunn,36.0,0.231,1.86,11.11,3.85,11.48,0.463,0.484,7.0
26155,Slåttholmen,39.0,0.171,0.7,5.13,3.85,10.97,0.344,0.521,13.0
26235,Stualand,44.0,0.276,2.5,4.55,9.62,12.15,0.563,0.525,11.0
26295,Langøy,46.0,0.16,0.77,2.17,7.69,11.3,0.34,0.506,13.0
26315,Nordgjæslingan,3.0,0.33,0.49,0.0,1.92,8.03,0.66,,0.0
26435,Mjølsvik,52.0,0.227,0.47,0.0,11.54,10.65,0.49,0.568,19.0
26495,Jevik,50.0,0.083,0.8,4.0,1.92,8.28,0.171,0.351,5.0
26575,Teigane,41.0,0.202,1.8,12.2,5.77,9.09,0.559,0.368,3.0
26595,Djupevika,21.0,0.276,0.81,9.52,3.85,13.27,0.551,0.684,10.0
26615,Haug,21.0,0.24,0.47,0.0,5.77,5.15,0.485,0.347,2.0
26775,Fjølværet Ø,52.0,0.188,1.58,5.77,7.69,10.01,0.385,0.442,12.0
26795,Austvika,52.0,0.21,2.45,3.85,7.69,9.5,0.442,0.444,10.0
26935,Frovågneset,48.0,0.278,1.75,14.58,1.92,8.35,0.574,0.42,6.0
26955,Hettaneset,49.0,0.252,0.49,0.0,9.62,10.9,0.563,0.601,18.0
27015,Kjøsen,45.0,0.164,2.37,4.44,3.85,7.98,0.345,0.447,10.0
27055,Oddane,52.0,0.279,0.49,0.0,23.08,10.46,0.612,0.588,20.0
27095,Ihlholmen,28.0,0.024,0.28,0.0,0.0,14.06,0.048,0.386,2.0
27215,Myrane,37.0,0.171,0.47,0.0,3.85,11.6,0.342,0.562,16.0
27315,Vikane 1,20.0,0.216,0.79,10.0,0.0,8.52,0.432,0.49,3.0
27436,Solværet,34.0,0.155,0.45,2.94,3.85,8.18,0.358,0.43,7.0
27476,Solheim,41.0,0.203,1.09,4.88,3.85,7.46,0.461,0.438,7.0
27856,Hundholmen,24.0,0.01,0.05,0.0,0.0,5.27,0.019,0.112,0.0
27976,Bukkholmen,6.0,0.065,0.11,0.0,0.0,7.37,0.13,0.47,0.0
28036,Langskjæran,35.0,0.155,0.91,2.86,3.85,10.98,0.325,0.507,11.0
28096,Slåttenes,36.0,0.0,0.0,0.0,0.0,10.94,0.0,0.231,0.0
28196,Kvernes,11.0,0.041,0.12,0.0,0.0,3.27,0.082,0.15,0.0
28296,Skommesvik,28.0,0.152,0.35,0.0,0.0,6.32,0.334,0.328,1.0
28336,Breivika,38.0,0.223,0.48,0.0,7.69,8.81,0.492,0.523,9.0
28396,Lindarholmen,35.0,0.279,1.15,5.71,5.77,10.98,0.605,0.557,11.0
28636,Rataren,52.0,0.162,1.02,3.85,5.77,10.42,0.331,0.454,11.0
28676,Olvika,27.0,0.015,0.07,0.0,0.0,11.2,0.03,0.347,1.0
28896,Stangholmen,29.0,0.193,0.46,0.0,7.69,8.98,0.387,0.55,8.0
28956,Meløysjøen,39.0,0.091,0.48,0.0,1.92,10.07,0.182,0.457,6.0
28976,Kelvesteinen,43.0,0.31,1.13,20.93,3.85,11.61,0.651,0.525,11.0
28996,Loddetå,34.0,0.079,0.36,0.0,0.0,12.71,0.159,0.497,9.0
29016,Båfjordstranda,23.0,0.218,0.45,0.0,3.85,7.0,0.509,0.453,5.0
29096,Grøttøy,20.0,0.085,0.24,0.0,0.0,9.32,0.236,0.371,3.0
29116,Reiråklakken,39.0,0.209,0.67,2.56,3.85,9.99,0.45,0.504,10.0
29276,Rongøy,41.0,0.162,0.79,7.32,3.85,11.7,0.328,0.493,12.0
29296,Fleina,7.0,0.076,0.27,0.0,0.0,7.93,0.151,0.522,1.0
29336,Trælsøyosen,30.0,0.212,1.11,10.0,5.77,9.4,0.46,0.462,7.0
29356,Smineset N,31.0,0.173,0.46,0.0,3.85,8.98,0.346,0.441,1.0
29376,Sundsøy,43.0,0.171,0.48,0.0,9.62,9.09,0.387,0.508,10.0
29458,Blåmannsvik,22.0,0.044,0.18,0.0,0.0,11.15,0.088,0.395,3.0
29476,Klokkardalen,33.0,0.104,0.19,0.0,1.92,5.8,0.246,0.239,0.0
29537,Eldviktaren,52.0,0.184,0.61,3.85,13.46,10.07,0.376,0.502,11.0
29557,Komagnes,47.0,0.033,0.12,0.0,0.0,6.74,0.072,0.285,1.0
29576,Kalvik,40.0,0.051,0.23,0.0,0.0,7.86,0.127,0.293,1.0
29656,Juvika,11.0,0.118,0.37,0.0,0.0,11.31,0.236,0.521,3.0
29756,Indre Bringenes,34.0,0.083,0.42,0.0,1.92,10.57,0.165,0.439,7.0
29776,Teksmona,36.0,0.077,0.32,0.0,0.0,10.68,0.154,0.419,9.0
29816,Apalvikneset,28.0,0.166,1.1,3.57,1.92,9.0,0.395,0.411,6.0
29896,Renndalen,28.0,0.218,0.57,10.71,1.92,7.67,0.531,0.457,6.0
29936,Ystadneset,22.0,0.281,1.8,9.09,1.92,7.58,0.773,0.469,4.0
29957,Nakkestad,45.0,0.046,0.16,0.0,0.0,11.07,0.102,0.392,7.0
30036,Jørstadskjera,45.0,0.317,0.96,15.56,15.38,11.4,0.693,0.581,15.0
30076,Kyrøyene,52.0,0.158,0.58,1.92,9.62,9.54,0.336,0.477,14.0
30097,Djupvik,51.0,0.245,1.88,3.92,3.85,9.12,0.521,0.514,13.0
30117,Skognes,34.0,0.101,0.34,0.0,0.0,8.33,0.201,0.407,3.0
30137,Edøya II,8.0,0.006,0.05,0.0,0.0,9.88,0.012,0.205,0.0
30156,Anevik,30.0,0.113,0.49,0.0,3.85,11.47,0.236,0.484,8.0
30157,Movik,22.0,0.403,1.83,22.73,1.92,5.07,0.856,0.4,0.0
30196,Ådnekvamme,29.0,0.0,0.0,0.0,0.0,10.69,0.0,0.214,0.0
30216,Kvitfloget,35.0,0.061,0.19,0.0,0.0,6.92,0.149,0.315,0.0
30217,Storelva,25.0,0.327,0.94,28.0,3.85,5.59,0.756,0.331,1.0
30236,Toppsund V,48.0,0.165,0.56,2.08,7.69,8.99,0.343,0.444,11.0
30257,Hausan,39.0,0.154,0.78,7.69,1.92,11.22,0.311,0.479,9.0
30297,Krabbholmen,52.0,0.185,0.91,1.92,9.62,9.7,0.418,0.492,12.0
30437,Kattholmen II,51.0,0.32,3.56,11.76,5.77,10.05,0.643,0.394,9.0
30517,Trælvika,34.0,0.133,0.41,0.0,1.92,7.28,0.307,0.383,4.0
30518,Ørnfjordbotn,6.0,0.113,0.22,0.0,0.0,12.23,0.232,0.707,2.0
30537,Steinflesa,37.0,0.245,0.47,0.0,7.69,9.92,0.543,0.538,12.0
30559,Øksneset,50.0,0.156,0.47,0.0,7.69,10.72,0.338,0.531,17.0
30560,Tristeinen,50.0,0.21,1.01,6.0,9.62,9.83,0.47,0.492,13.0
30657,Revøy,43.0,0.052,0.17,0.0,0.0,11.16,0.112,0.42,7.0
30717,Tveitnes,17.0,0.114,0.48,0.0,1.92,6.41,0.262,0.362,1.0
30837,Torangskjeret,51.0,0.179,0.45,0.0,5.77,11.08,0.366,0.517,12.0
30857,Leirvik,24.0,0.18,0.49,0.0,3.85,12.39,0.382,0.604,10.0
30877,Sessøya,22.0,0.146,0.44,0.0,3.85,5.12,0.293,0.385,0.0
30897,Havsundet,52.0,0.135,0.49,0.0,7.69,9.92,0.276,0.462,12.0
30917,Elgen,52.0,0.172,0.61,1.92,5.77,8.86,0.362,0.464,12.0
30957,Salaluokta,28.0,0.009,0.05,0.0,0.0,11.66,0.017,0.313,0.0
30977,Æsøya,52.0,0.351,3.42,5.77,15.38,8.41,0.74,0.497,14.0
30997,Skrubbholmen,49.0,0.168,0.49,0.0,11.54,9.73,0.361,0.502,17.0
31038,Buarøy,51.0,0.238,1.11,11.76,9.62,11.08,0.507,0.528,16.0
31077,Tjukkeneset,8.0,0.001,0.01,0.0,0.0,6.87,0.002,0.097,0.0
31117,Skrubbo,20.0,0.102,0.47,0.0,1.92,7.38,0.236,0.343,3.0
31137,Danielsnes,21.0,0.014,0.06,0.0,0.0,5.1,0.05,0.163,0.0
31157,Fiksneset,34.0,0.21,1.4,5.88,5.77,13.06,0.42,0.62,16.0
31177,Hilderkleiva,15.0,0.265,2.67,6.67,0.0,6.08,0.531,0.361,0.0
31217,Stokkasjøen,36.0,0.11,0.46,0.0,1.92,10.93,0.221,0.461,11.0
31297,Tortenneset,33.0,0.009,0.05,0.0,0.0,9.84,0.019,0.29,1.0
31338,Storskjeret,28.0,0.189,0.66,3.57,9.62,7.37,0.451,0.387,4.0
31357,Geitryggen,52.0,0.115,0.49,0.0,5.77,9.21,0.247,0.415,12.0
31397,Oterneset,51.0,0.21,0.57,1.96,5.77,8.5,0.446,0.469,10.0
31398,Finnvik,29.0,0.263,0.49,3.45,11.54,5.63,0.616,0.467,6.0
31457,Skarvestein,37.0,0.115,0.49,0.0,3.85,9.07,0.236,0.445,10.0
31497,Toska N,52.0,0.395,4.71,9.62,7.69,10.72,0.82,0.492,14.0
31557,Valøyan,51.0,0.215,2.16,3.92,15.38,10.2,0.447,0.462,10.0
31577,Haneholmen,33.0,0.086,0.35,0.0,0.0,9.7,0.19,0.398,5.0
31637,Melkøya,48.0,0.315,1.54,12.5,9.62,9.28,0.694,0.51,8.0
31677,Sandholmane,50.0,0.249,0.5,2.0,11.54,10.09,0.531,0.567,21.0
31697,Oksen,32.0,0.614,5.61,12.5,13.46,12.33,1.258,0.579,11.0
31717,Gjerset V,42.0,0.088,0.4,0.0,1.92,10.9,0.176,0.406,9.0
31738,Bjørga,39.0,0.085,0.28,0.0,0.0,6.83,0.211,0.319,2.0
31757,Kasteberget,34.0,0.254,1.25,8.82,3.85,9.5,0.511,0.499,11.0
31777,Reinvika,31.0,0.105,0.49,0.0,3.85,11.25,0.21,0.475,8.0
31797,Fartøyvika,39.0,0.062,0.43,0.0,1.92,7.69,0.124,0.298,1.0
31817,Svartskjær,39.0,0.048,0.19,0.0,0.0,8.87,0.096,0.342,3.0
31857,Blomsøråsa,35.0,0.09,0.45,0.0,3.85,11.02,0.179,0.435,7.0
31958,Ratvika,52.0,0.215,0.85,5.77,7.69,9.64,0.442,0.496,13.0
31959,Rataren II,39.0,0.274,2.94,7.69,1.92,11.47,0.547,0.486,10.0
32037,Grasholman,52.0,0.164,0.66,1.92,11.54,9.09,0.334,0.442,13.0
32137,Sagen 2,22.0,0.0,0.0,0.0,0.0,11.24,0.0,0.226,0.0
32157,Dyrholmen V,41.0,0.26,1.88,9.76,1.92,11.18,0.549,0.581,16.0
32197,Dryna,39.0,0.163,0.75,5.13,0.0,11.31,0.326,0.499,11.0
32257,Kjøtta V,50.0,0.358,1.52,12.0,19.23,8.1,0.766,0.51,9.0
32277,Andholmen 1,52.0,0.164,0.48,0.0,7.69,10.33,0.347,0.519,15.0
32317,Guriøyna,25.0,0.119,0.45,0.0,1.92,10.17,0.238,0.375,3.0
32337,Veiesund,22.0,0.148,0.47,0.0,3.85,7.69,0.323,0.38,5.0
32397,Storvika I Skjerstadfjorden,52.0,0.016,0.1,0.0,0.0,7.67,0.032,0.224,1.0
32417,Hjartholmosen,42.0,0.142,0.45,0.0,9.62,9.84,0.308,0.483,11.0
32437,Urda,43.0,0.561,1.8,62.79,3.85,9.75,1.22,0.43,4.0
32457,Dalsvåg Nv,23.0,0.184,0.49,0.0,5.77,9.41,0.369,0.493,4.0
32497,Daljorda,9.0,0.0,0.0,0.0,0.0,7.08,0.0,0.131,0.0
32518,Kuøyna,25.0,0.248,1.16,4.0,5.77,13.22,0.495,0.659,12.0
32537,Baltsfjord,52.0,0.099,0.43,0.0,1.92,8.74,0.199,0.363,10.0
32577,Klammerholmen,29.0,0.158,0.54,3.45,1.92,11.04,0.315,0.563,10.0
32597,Fjordprakken,33.0,0.161,0.48,0.0,3.85,8.3,0.361,0.435,7.0
32598,Kokelv,38.0,0.062,0.28,0.0,0.0,7.86,0.124,0.312,0.0
32617,Ytre Koven,52.0,0.037,0.26,0.0,0.0,7.55,0.073,0.282,3.0
32637,Veidnes,34.0,0.029,0.16,0.0,0.0,7.18,0.057,0.234,0.0
32677,Espnestaren,18.0,0.131,0.49,0.0,3.85,11.83,0.261,0.525,5.0
32697,Steilo,32.0,0.133,0.49,0.0,3.85,7.27,0.299,0.355,2.0
32717,Tranøya N,10.0,0.325,1.15,30.0,0.0,5.55,0.65,0.3,0.0
32777,Hundbergan,33.0,0.165,1.81,3.03,0.0,10.43,0.33,0.463,9.0
32857,Trettholmosen,35.0,0.41,4.47,14.29,5.77,9.97,0.87,0.473,7.0
32877,Skorpo,51.0,0.252,2.28,1.96,7.69,10.92,0.529,0.563,16.0
32897,Breivika S,38.0,0.205,0.48,0.0,9.62,8.87,0.454,0.503,9.0
32917,Gregusvika,24.0,0.066,0.23,0.0,0.0,6.89,0.132,0.326,2.0
32977,Måren,31.0,0.213,0.46,0.0,9.62,8.79,0.5,0.515,10.0
32997,Raven,16.0,0.198,0.38,0.0,0.0,4.31,0.395,0.33,1.0
33017,Setevika N,50.0,0.221,0.47,2.0,5.77,9.6,0.489,0.573,20.0
33077,Elveneset,46.0,0.456,2.76,10.87,15.38,10.47,0.949,0.537,14.0
33097,Skjervøy V,49.0,0.27,0.61,6.12,7.69,7.39,0.58,0.475,9.0
33117,Djupvik,42.0,0.135,0.47,0.0,5.77,8.22,0.286,0.422,9.0
33157,Skogsholmen,35.0,0.127,0.4,0.0,1.92,10.38,0.253,0.496,12.0
33177,Krabbholmen II,52.0,0.208,0.49,0.0,9.62,9.69,0.454,0.517,15.0
33197,Jernelva,42.0,0.033,0.3,0.0,0.0,6.85,0.081,0.315,1.0
33218,Hosenøyan,35.0,0.143,0.48,0.0,5.77,8.89,0.286,0.411,3.0
33297,Nye Skorpa,34.0,0.176,1.24,8.82,3.85,11.76,0.354,0.461,7.0
33337,Lyngnes,16.0,0.059,0.26,0.0,0.0,6.85,0.132,0.306,0.0
33417,Persflua,36.0,0.187,0.7,5.56,3.85,10.43,0.412,0.507,9.0
33457,Ånderbakk,28.0,0.28,0.41,0.0,5.77,9.32,0.572,0.573,11.0
33477,Reinsnesøya,51.0,0.233,0.47,0.0,11.54,8.11,0.479,0.48,12.0
33517,Petternes,30.0,0.007,0.04,0.0,0.0,8.99,0.013,0.26,0.0
33537,Buholmen,29.0,0.076,0.2,0.0,0.0,9.76,0.152,0.4,0.0
33557,Langskjæra II,52.0,0.28,3.09,9.62,7.69,9.99,0.58,0.429,9.0
33577,Kjeholmen II,23.0,0.025,0.1,0.0,0.0,9.91,0.05,0.351,0.0
33597,Grytøyraholmen,15.0,0.091,0.29,0.0,0.0,10.33,0.183,0.498,3.0
33617,Gjerde,34.0,0.198,0.58,5.88,3.85,9.04,0.435,0.462,6.0
33657,Movikodden N,32.0,0.131,1.07,6.25,0.0,11.27,0.268,0.473,8.0
33677,Torvund,23.0,0.157,0.48,0.0,3.85,11.59,0.313,0.598,10.0
33697,Forrahammaren,37.0,0.111,0.46,0.0,1.92,11.89,0.221,0.46,8.0
33737,Olausskjæret,52.0,0.182,1.6,3.85,5.77,10.05,0.366,0.419,9.0
33757,Håbranden,36.0,0.088,0.41,0.0,1.92,9.75,0.18,0.429,9.0
33777,Lausklubben,34.0,0.01,0.02,0.0,0.0,6.36,0.023,0.165,0.0
33797,Hidlekjerringa,20.0,0.186,0.42,0.0,3.85,12.2,0.373,0.642,10.0
33937,Nørholmen,15.0,0.387,0.48,0.0,9.62,6.54,0.773,0.545,6.0
33957,Hofsøya,21.0,0.228,0.59,9.52,3.85,7.04,0.608,0.436,1.0
33997,Næringsbukta,33.0,0.025,0.18,0.0,0.0,9.47,0.05,0.299,1.0
33998,Klubben,33.0,0.018,0.15,0.0,0.0,9.48,0.036,0.305,0.0
34018,Dolma N,28.0,0.254,0.46,3.57,5.77,7.09,0.585,0.463,6.0
34037,Kråkåsen,38.0,0.19,0.8,13.16,0.0,9.39,0.401,0.441,5.0
34057,Mohamn,27.0,0.028,0.15,0.0,0.0,4.96,0.059,0.188,0.0
34117,Skåtholmen,30.0,0.11,0.37,0.0,0.0,9.74,0.266,0.461,6.0
34137,Skårliodden,52.0,0.154,0.47,0.0,3.85,8.11,0.359,0.462,13.0
34197,Brennholmen,30.0,0.26,1.35,13.33,1.92,11.11,0.521,0.492,7.0
34257,Lekafjorden II,28.0,0.212,0.45,0.0,3.85,7.86,0.505,0.492,6.0
34277,Mikkelsøya,23.0,0.072,0.18,0.0,0.0,4.79,0.155,0.236,0.0
34297,Stabben,51.0,0.125,0.49,0.0,5.77,8.38,0.264,0.387,5.0
34357,Gisløy Nø,49.0,0.163,0.49,0.0,3.85,8.63,0.362,0.478,12.0
34397,Hyseneset,52.0,0.293,1.06,1.92,11.54,10.59,0.63,0.573,17.0
34457,Langås,31.0,0.244,0.47,0.0,5.77,6.32,0.545,0.426,3.0
34477,Nausttaren,26.0,0.049,0.25,0.0,0.0,11.27,0.098,0.373,0.0
34537,Nystølvågen II,20.0,0.0,0.0,0.0,0.0,13.27,0.0,0.291,0.0
34637,Langholmen N,17.0,0.054,0.4,0.0,1.92,6.62,0.107,0.246,1.0
34657,Laberget,15.0,0.349,0.47,0.0,7.69,8.07,0.697,0.529,5.0
34697,Øyra,33.0,0.067,0.19,0.0,0.0,7.09,0.148,0.339,1.0
34717,Eidisholman,28.0,0.205,0.45,0.0,5.77,11.35,0.409,0.529,8.0
34737,Ulvøyo,16.0,0.283,0.45,0.0,7.69,14.68,0.566,0.731,9.0
34797,Kalvhagan II,38.0,0.052,0.17,0.0,0.0,8.0,0.128,0.318,0.0
34857,Salatskjæra,38.0,0.431,3.98,15.79,9.62,11.14,0.863,0.509,8.0
34897,Brandsfjorden,15.0,0.013,0.04,0.0,0.0,10.6,0.027,0.337,0.0
34917,Tosen,22.0,0.156,0.49,0.0,1.92,6.56,0.329,0.38,1.0
34997,Bjørnøya,31.0,0.256,0.38,0.0,0.0,8.33,0.513,0.504,9.0
35197,Hjortøya,52.0,0.182,0.42,0.0,3.85,9.38,0.38,0.5,16.0
35237,Durmålsvika,50.0,0.17,1.25,4.0,1.92,7.54,0.373,0.438,10.0
35297,Ådnøy Sø,32.0,0.16,0.48,0.0,7.69,10.05,0.32,0.429,5.0
35317,Litjevika,33.0,0.145,0.96,3.03,1.92,10.31,0.29,0.477,10.0
35318,Sortevika,31.0,0.105,0.49,0.0,1.92,10.48,0.21,0.432,10.0
35337,Småvær,29.0,0.28,0.48,0.0,15.38,6.36,0.64,0.506,8.0
35377,Kveitskjeret,34.0,0.358,2.92,17.65,5.77,11.83,0.716,0.468,5.0
35417,Sandøya,23.0,0.144,0.33,0.0,0.0,8.77,0.289,0.449,5.0
35477,Makrellskjæret,52.0,0.355,2.63,7.69,11.54,9.89,0.727,0.523,13.0
35497,Drøno,22.0,0.088,0.45,0.0,1.92,10.35,0.176,0.42,1.0
35517,Vadholmen,40.0,0.262,2.83,10.0,1.92,12.04,0.534,0.497,9.0
35597,Follesøy,37.0,0.127,0.51,5.41,3.85,9.13,0.255,0.431,9.0
35617,Mulnesodden,52.0,0.096,0.44,0.0,1.92,8.6,0.214,0.394,13.0
35657,Varden,52.0,0.259,1.16,11.54,11.54,9.68,0.564,0.513,10.0
35677,Brottøy,51.0,0.17,0.83,1.96,1.92,8.2,0.364,0.454,11.0
35737,Sæterosen,18.0,0.0,0.0,0.0,0.0,6.39,0.0,0.094,0.0
35777,Kvitskjæret,25.0,0.294,0.4,4.0,1.92,6.69,0.67,0.446,2.0
35797,Årsetfjorden,37.0,0.177,0.44,0.0,5.77,7.86,0.425,0.476,10.0
35817,Storevika,30.0,0.308,0.73,3.33,13.46,6.88,0.717,0.516,7.0
35838,Vengsøy,32.0,0.203,0.47,0.0,5.77,7.02,0.406,0.424,0.0
35877,Eiterfjorden,39.0,0.103,0.35,0.0,0.0,8.2,0.231,0.42,1.0
35897,Nye Hessvik,19.0,0.193,0.48,0.0,9.62,7.37,0.442,0.404,3.0
35957,Danielsvika,30.0,0.025,0.08,0.0,0.0,8.73,0.049,0.33,0.0
35977,Lian,30.0,0.018,0.16,0.0,0.0,10.79,0.037,0.339,0.0
35997,Kviteberg,42.0,0.164,0.59,2.38,3.85,7.38,0.351,0.423,5.0
36017,Sørværet,38.0,0.137,0.46,0.0,5.77,10.25,0.276,0.474,13.0
36037,Klipen,52.0,0.168,0.99,5.77,5.77,8.78,0.369,0.435,12.0
36077,Mollvika,52.0,0.196,0.47,0.0,7.69,8.48,0.413,0.486,14.0
36099,Store Kobbøy,46.0,0.213,0.76,6.52,1.92,6.91,0.483,0.496,6.0
36100,Suholmen,52.0,0.4,2.03,15.38,11.54,10.22,0.831,0.53,13.0
36117,Matvika,19.0,0.049,0.22,0.0,0.0,7.31,0.099,0.344,0.0
36118,Bremnesøya,21.0,0.171,0.36,0.0,0.0,4.89,0.361,0.313,0.0
36137,Jekteberget,32.0,0.148,0.87,6.25,3.85,6.77,0.367,0.362,2.0
36177,Skjellesvika,51.0,0.133,0.61,1.96,5.77,8.24,0.27,0.41,9.0
36178,Haukøya Ø,47.0,0.245,0.47,0.0,11.54,8.12,0.539,0.505,16.0
36217,Kalvhylla,52.0,0.104,0.43,0.0,3.85,9.1,0.231,0.409,13.0
36257,Mjønes,39.0,0.175,0.5,2.56,1.92,7.43,0.412,0.41,6.0
36297,Kjeringeholmen,32.0,0.454,3.26,9.38,11.54,11.91,0.908,0.617,14.0
36317,Varholmen,34.0,0.041,0.12,0.0,0.0,10.4,0.081,0.389,0.0
36337,Vardskjæret S,33.0,0.169,0.44,0.0,3.85,8.44,0.338,0.468,6.0
36417,Borvika,32.0,0.031,0.22,0.0,0.0,9.04,0.062,0.339,1.0
36457,Kvingra,45.0,0.25,1.07,2.22,7.69,9.68,0.531,0.55,10.0
36497,Lille Djupfest,31.0,0.117,0.43,0.0,1.92,10.42,0.234,0.499,7.0
36517,Selsøyvær,52.0,0.165,1.57,3.85,9.62,9.02,0.372,0.432,14.0
36617,Harbakholmen,52.0,0.174,1.0,1.92,3.85,9.76,0.357,0.493,10.0
36717,Vindhammarneset,34.0,0.164,0.75,5.88,1.92,10.64,0.329,0.521,11.0
36737,Hallsteinhamn I,34.0,0.131,0.49,0.0,5.77,10.94,0.261,0.482,9.0
36757,Lubben,52.0,0.155,0.48,0.0,5.77,7.46,0.327,0.407,9.0
36778,Havstein Sør,23.0,0.07,0.43,0.0,1.92,10.18,0.141,0.355,2.0
36797,Korsnes,46.0,0.195,0.47,0.0,5.77,7.59,0.434,0.458,7.0
36817,Kariskjæret,43.0,0.232,0.93,4.65,3.85,9.94,0.48,0.513,11.0
36877,Munkskjæra,31.0,0.453,4.34,19.35,3.85,12.09,0.905,0.478,6.0
36917,Drevflesa,39.0,0.12,0.4,2.56,0.0,9.46,0.27,0.475,7.0
36937,Hallvardsøya,34.0,0.138,0.47,0.0,3.85,7.29,0.348,0.387,5.0
37057,Mjøsund Vest,28.0,0.111,0.95,3.57,0.0,10.85,0.221,0.456,5.0
37077,Oksbåsen,21.0,0.101,0.27,0.0,0.0,11.44,0.203,0.475,3.0
37177,Djuptaren,36.0,0.245,0.47,0.0,15.38,11.29,0.489,0.571,15.0
37197,Ruggstein,52.0,0.161,0.84,3.85,11.54,10.17,0.328,0.442,11.0
37217,Dale,34.0,0.227,2.29,8.82,1.92,8.31,0.486,0.376,4.0
37297,Larstangen,34.0,0.155,0.47,0.0,7.69,9.43,0.311,0.477,10.0
37357,Brensholmen,52.0,0.22,0.41,1.92,5.77,7.39,0.489,0.485,13.0
37557,Davatluft,38.0,0.121,0.41,0.0,1.92,7.95,0.242,0.396,1.0
37717,Vassgåsholmen,25.0,0.155,1.12,4.0,1.92,9.95,0.31,0.428,2.0
37797,Skjortneset II,52.0,0.164,0.49,0.0,3.85,10.56,0.356,0.547,21.0
37857,Seiskjæret,51.0,0.158,1.14,1.96,5.77,8.74,0.329,0.428,9.0
38037,Andalsvågen I,27.0,0.0,0.0,0.0,0.0,10.53,0.0,0.225,0.0
38057,Hamnsundet I,32.0,0.012,0.1,0.0,0.0,8.07,0.024,0.169,0.0
38217,Hardbakkeneset,35.0,0.214,0.48,0.0,9.62,9.78,0.491,0.518,11.0
38297,Sør Gåsvær,52.0,0.232,1.1,13.46,3.85,9.88,0.52,0.49,13.0
38517,Måvær,39.0,0.323,1.67,2.56,15.38,9.27,0.708,0.548,12.0
38577,Skreda,28.0,0.261,0.79,7.14,7.69,8.72,0.594,0.534,8.0
38697,Takflua,52.0,0.209,1.44,5.77,7.69,9.67,0.458,0.477,10.0
38757,Gaukværøy,33.0,0.052,0.16,0.0,0.0,10.64,0.106,0.434,5.0
38777,Hallarvik,27.0,0.09,0.28,0.0,0.0,9.96,0.179,0.417,4.0
38797,Oløya N,52.0,0.265,1.67,7.69,13.46,10.02,0.551,0.481,11.0
38857,Vannfjorden,33.0,0.105,0.49,0.0,3.85,7.74,0.21,0.406,6.0
38877,Jernøya,4.0,0.255,0.62,25.0,0.0,4.5,0.51,,0.0
38957,Låderskjera,8.0,0.05,0.2,0.0,0.0,9.05,0.1,0.302,0.0
38997,Ilsøya 2,26.0,0.173,0.49,0.0,7.69,12.43,0.346,0.589,11.0
39197,Kverhelleskjeret,36.0,0.168,0.45,0.0,7.69,11.0,0.394,0.506,10.0
39217,Hårkallbåen,26.0,0.223,0.47,0.0,9.62,8.38,0.536,0.462,5.0
39437,Hovden,40.0,0.171,0.84,2.5,7.69,11.45,0.343,0.534,15.0
39477,Hundvika Aust,27.0,0.145,0.41,0.0,3.85,9.89,0.29,0.522,9.0
39537,Gyltneset,17.0,0.245,0.77,11.76,3.85,13.15,0.491,0.603,5.0
39577,Silda,21.0,0.155,1.55,4.76,1.92,9.25,0.31,0.346,3.0
39597,Gåsflestaren,1.0,0.01,0.01,0.0,0.0,9.63,0.02,,
39617,Svanøya,25.0,0.422,1.52,32.0,1.92,11.41,0.913,0.515,3.0
39657,Skipperdalsneset,37.0,0.134,0.46,0.0,3.85,9.18,0.295,0.453,7.0
39777,Ytre Hadseløya,15.0,0.152,0.34,0.0,0.0,4.68,0.304,0.25,0.0
39917,Fureneset,2.0,0.0,0.0,0.0,0.0,9.41,0.0,,0.0
39937,Orholmen,24.0,0.159,0.43,0.0,1.92,7.38,0.397,0.4,1.0
39957,Flatøyan,50.0,0.175,0.93,6.0,9.62,10.27,0.356,0.453,12.0
39997,Helligvær Ø,51.0,0.251,1.9,3.92,0.0,9.34,0.541,0.458,9.0
40017,Stangnes,30.0,0.167,0.64,6.67,3.85,6.38,0.346,0.345,3.0
40037,Smedholmen,46.0,0.367,1.65,10.87,19.23,11.09,0.795,0.584,14.0
40117,Otervika,25.0,0.361,0.67,8.0,11.54,11.42,0.749,0.611,8.0
40118,Svindalen I,43.0,0.2,0.48,0.0,11.54,8.52,0.461,0.527,12.0
40137,Lønngrunnen,27.0,0.181,0.46,7.41,3.85,7.41,0.476,0.455,4.0
40217,Fellesholmen,15.0,0.703,0.82,86.67,0.0,4.48,1.405,,0.0
40297,Gnarnesvika,25.0,0.13,0.47,0.0,1.92,7.86,0.278,0.431,5.0
40357,Nordnesbukta,34.0,0.036,0.17,0.0,0.0,8.75,0.071,0.318,3.0
40377,Klampvika N,47.0,0.166,0.26,4.26,0.0,8.97,0.407,0.474,7.0
45000,Svartberget,9.0,0.166,0.53,11.11,0.0,12.18,0.331,0.665,4.0
45002,Korsvika,37.0,0.21,1.16,8.11,3.85,10.64,0.421,0.471,8.0
45003,Ystøya,52.0,0.146,0.81,3.85,9.62,8.93,0.307,0.4,13.0
45004,Mulen,38.0,0.138,0.48,0.0,3.85,8.87,0.287,0.463,7.0
45005,Grøtnes N,27.0,0.124,0.41,0.0,1.92,8.9,0.249,0.478,8.0
45010,Holand,23.0,0.02,0.09,0.0,0.0,5.03,0.056,0.166,0.0
45013,Sandskjæret,52.0,0.169,0.92,3.85,3.85,9.24,0.376,0.462,11.0
45014,Nordfoldleira I,48.0,0.099,0.48,0.0,5.77,9.13,0.215,0.445,6.0
45017,Bakfjorden,31.0,0.014,0.09,0.0,0.0,8.65,0.028,0.291,0.0
45023,Varpet,28.0,0.102,0.35,0.0,0.0,8.39,0.204,0.439,3.0
45025,Vegglandet,35.0,0.157,0.45,0.0,3.85,6.7,0.315,0.368,1.0
45029,Ramnøya N,29.0,0.338,1.02,10.34,15.38,8.19,0.747,0.514,7.0
45032,Ytterflesa,28.0,0.267,0.49,0.0,11.54,7.62,0.621,0.533,10.0
45037,Kjølvika I,51.0,0.17,0.48,0.0,7.69,9.05,0.357,0.504,15.0
45038,Hundaneset,27.0,0.234,0.47,7.41,9.62,12.8,0.547,0.605,13.0
45046,Stasøya,21.0,0.08,0.47,0.0,3.85,12.0,0.161,0.494,3.0
45049,Bergkråa,31.0,0.023,0.08,0.0,0.0,11.05,0.046,0.344,3.0
45050,Skarvhammaren,36.0,0.121,0.47,0.0,3.85,11.01,0.243,0.482,12.0
45058,Urdaneset,35.0,0.155,0.48,0.0,1.92,9.79,0.334,0.456,8.0
45060,Pundsvik I,32.0,0.057,0.16,0.0,0.0,6.7,0.114,0.363,2.0
45066,Lingaholmane,40.0,0.06,0.46,0.0,1.92,12.67,0.125,0.43,9.0
45068,Grænholmen,39.0,0.102,0.38,0.0,0.0,7.39,0.203,0.309,7.0
45070,Kristianneset,27.0,0.023,0.11,0.0,0.0,8.8,0.059,0.293,0.0
45072,Bleket,52.0,0.119,0.48,0.0,3.85,10.56,0.251,0.483,15.0
45077,Ørnhaugneset,26.0,0.178,0.46,0.0,5.77,9.05,0.356,0.468,6.0
45078,Almbakkevika,28.0,0.856,2.34,50.0,1.92,12.58,1.713,0.593,6.0
45080,Hestvik,18.0,0.041,0.13,0.0,0.0,10.35,0.081,0.4,0.0
45081,Langøya,35.0,0.328,2.01,14.29,5.77,11.8,0.713,0.588,9.0
45083,Vorterøyskagen,26.0,0.16,0.81,3.85,3.85,10.15,0.321,0.493,6.0
45087,Aukan,45.0,0.405,2.48,26.67,5.77,10.62,0.905,0.55,9.0
45092,Smælingen,38.0,0.098,0.27,0.0,0.0,8.62,0.235,0.369,0.0
45117,Knubben,49.0,0.252,0.51,2.04,19.23,9.62,0.546,0.541,14.0
45122,Lausund,52.0,0.288,1.68,11.54,7.69,10.2,0.591,0.472,10.0
45124,Laukelandsøyna,15.0,0.139,0.44,0.0,1.92,10.89,0.277,0.547,5.0
45127,Hellerflesa,16.0,0.297,0.53,18.75,7.69,7.02,0.594,0.535,3.0
45129,Kvitholmen,39.0,0.315,2.56,2.56,11.54,9.96,0.653,0.559,14.0
45130,Engdal,18.0,0.011,0.02,0.0,0.0,11.86,0.022,0.36,0.0
45134,Bugane,41.0,0.124,0.55,2.44,3.85,10.53,0.251,0.45,10.0
45135,Voravika,32.0,0.141,0.49,0.0,7.69,9.02,0.312,0.459,7.0
45140,Nordskaftet,35.0,0.088,0.46,0.0,3.85,10.92,0.19,0.473,9.0
45142,Ytre Baltsfjord,52.0,0.119,0.49,0.0,3.85,8.87,0.24,0.397,10.0
45154,Langneset,37.0,0.297,0.77,16.22,7.69,7.22,0.675,0.467,6.0
45155,Holmskallen,26.0,0.252,1.19,3.85,5.77,7.53,0.535,0.475,7.0
45166,Storvikneset,33.0,0.22,0.45,0.0,5.77,6.89,0.439,0.426,2.0
45167,Heggeset,35.0,0.165,0.49,0.0,5.77,11.89,0.329,0.576,13.0
45198,Purkholmen,34.0,0.212,1.37,2.94,7.69,11.65,0.425,0.544,11.0
45206,Lyngholmane,52.0,0.149,0.45,0.0,9.62,10.72,0.315,0.515,20.0
45208,Sandfjordneset,28.0,0.002,0.02,0.0,0.0,9.05,0.004,0.226,0.0
45211,Saltskår,29.0,0.148,0.48,0.0,7.69,12.46,0.296,0.574,12.0
45215,Iselva,29.0,0.029,0.17,0.0,0.0,8.63,0.057,0.32,0.0
45231,Slønga,36.0,0.215,1.66,8.33,0.0,10.87,0.437,0.479,11.0
45233,Leikvika,29.0,0.086,0.28,0.0,0.0,10.99,0.171,0.507,7.0
45241,Mangvardan,8.0,0.0,0.0,0.0,0.0,7.98,0.0,0.155,0.0
45260,Korshamn,10.0,0.014,0.06,0.0,0.0,10.31,0.028,0.328,0.0
10090,Trellevika,,,,,0.0,,,,
10091,Vågsøya,,,,,0.0,,,,
10137,Matland,,,,,0.0,,,,
10240,Ilsøya Ø,,,,,0.0,,,,
10276,Sommarbukt,,,,,0.0,,,,
10298,Ålforo,,,,,0.0,,,,
10417,Storbukta,,,,,0.0,,,,
10504,Vedvika,,,,,0.0,,,,
10544,Flakstadvåg,,,,,0.0,,,,
10550,Skardbergvika,,,,,0.0,,,,
10560,Kårvik,,,,,0.0,,,,
10768,Indre Kårvik I,,,,,0.0,,,,
10811,Elva I Årøysundet,,,,,0.0,,,,
10819,Eidsnes,,,,,0.0,,,,
10839,Store Kufjord,,,,,0.0,,,,
10841,Pollen,,,,,0.0,,,,
10877,Mortenøy,,,,,0.0,,,,
10978,Naustholmen,,,,,0.0,,,,
11087,Bukkøya Ø,,,,,0.0,,,,
11122,Røssøya N,,,,,0.0,,,,
11162,Bullatholmen,,,,,0.0,,,,
11168,Oddværsætra,,,,,0.0,,,,
11230,Børøya Slaktemerd,,,,,0.0,,,,
11241,Bergvikodden,,,,,0.0,,,,
11251,Hysjorda,,,,,0.0,,,,
11252,Vindhammeren,,,,,0.0,,,,
11269,Jektvika I,,,,,0.0,,,,
11330,Åmundsvika,,,,,0.0,,,,
11355,Flesen,,,,,0.0,,,,
11357,Skarvberget,,,,,0.0,,,,
11378,Øvergården,,,,,0.0,,,,
11410,Litleøya,,,,,0.0,,,,
11416,Alsvåg,,,,,0.0,,,,
11438,Lauplandsholmen,,,,,0.0,,,,
11537,Øklandsvågen,,,,,0.0,,,,
11596,Ståløy,,,,,0.0,,,,
11643,Hatlem Ø,,,,,0.0,,,,
11700,Storeneset,,,,,0.0,,,,
11754,Bøøy,,,,,0.0,,,,
11756,Allersholmen,,,,,0.0,,,,
11763,Knappen,,,,,0.0,,,,
11776,Sveholmane,,,,,0.0,,,,
11814,Furevika,,,,,0.0,,,,
11899,Mjåvatnet,,,,,0.0,,,,
11957,Indre Slettavikneset,,,,,0.0,,,,
11969,Helgøy,,,,,0.0,,,,
12007,Dale II,,,,,0.0,,,,
12042,Skogseidvatnet,,,,,0.0,,,,
12067,Aldalen,,,,,0.0,,,,
12096,Ospenes,,,,,0.0,,,,
12128,Dyrnes,,,,,0.0,,,,
12192,Skorva,,,,,0.0,,,,
12260,Juvika,,,,,0.0,,,,
12294,Kjerstad,,,,,0.0,,,,
12303,Vartdal,,,,,0.0,,,,
12371,Kalvøya,,,,,0.0,,,,
12383,Omsøyholman,,,,,0.0,,,,
12624,Feøyvika,,,,,0.0,,,,
12633,Lyrnesset,,,,,0.0,,,,
12678,Vedøya,,,,,0.0,,,,
12730,Båfjorden,,,,,0.0,,,,
12871,Hogsnes,,,,,0.0,,,,
13009,Kjeøya N,,,,,0.0,,,,
13119,Hesten,,,,,0.0,,,,
13296,Sandnes Ø,,,,,0.0,,,,
13316,Storvik,,,,,0.0,,,,
13317,Lille Kvalfjord,,,,,0.0,,,,
13412,Dypeidet,,,,,0.0,,,,
13494,Flerengstrand,,,,,0.0,,,,
13550,Marøy Nø,,,,,0.0,,,,
13654,Instefjord,,,,,0.0,,,,
13685,Marøya,,,,,0.0,,,,
13720,Ulvan,,,,,0.0,,,,
13784,Høydalsvika,,,,,0.0,,,,
13936,Sørvika,,,,,0.0,,,,
13959,Oterholmen,,,,,0.0,,,,
14040,Krigsholmen,,,,,0.0,,,,
14678,Uvåg,,,,,0.0,,,,
14796,Fiskefjorden,,,,,0.0,,,,
15236,Skulgambukt,,,,,0.0,,,,
15655,Hjartøy N,,,,,0.0,,,,
15657,Kågen,,,,,0.0,,,,
15956,Storbukt,,,,,0.0,,,,
16281,Kastevika,,,,,0.0,,,,
16497,Langevågen,,,,,0.0,,,,
17576,Nesevågen,,,,,0.0,,,,
18255,Porsvika,,,,,0.0,,,,
19135,Sandøya III,,,,,0.0,,,,
19235,Vindvika,,,,,0.0,,,,
19255,Blåsenborgneset,,,,,0.0,,,,
19395,Bakka,,,,,0.0,,,,
19396,Sunde,,,,,0.0,,,,
19457,Nordskag,,,,,0.0,,,,
19519,Storebø,,,,,0.0,,,,
20176,Ytre Simanes,,,,,0.0,,,,
20515,Skaganeset,,,,,0.0,,,,
21235,Hesteneset,,,,,0.0,,,,
21337,Kveitholmen,,,,,0.0,,,,
21495,Risværgalten,,,,,0.0,,,,
22495,Værnes,,,,,0.0,,,,
22515,Flakstadvåg Havn,,,,,0.0,,,,
22995,Oldervik,,,,,0.0,,,,
23755,Kjeiprød,,,,,0.0,,,,
24155,Ytre Jøvik,,,,,0.0,,,,
25935,Kråkøy Slakteri,,,,,0.0,,,,
26335,Geitholmen,,,,,0.0,,,,
26675,Leirholmen,,,,,0.0,,,,
26815,Hestøy,,,,,0.0,,,,
27176,Jennskarbotn,,,,,0.0,,,,
27376,Hendneset,,,,,0.0,,,,
27395,Rindarøy,,,,,0.0,,,,
27737,Skjervøy,,,,,0.0,,,,
27876,Olderbakken,,,,,0.0,,,,
27956,Skogseidvatnet II,,,,,0.0,,,,
27996,Kalvhodet,,,,,0.0,,,,
28416,Sandvik,,,,,0.0,,,,
28796,Skogseidvatnet III,,,,,0.0,,,,
28856,Skauholmen,,,,,0.0,,,,
29416,Åpenvik,,,,,0.0,,,,
29516,Mortsund,,,,,0.0,,,,
29697,Hafsmo,,,,,0.0,,,,
29876,Flotaren,,,,,0.0,,,,
30176,Flehammer,,,,,0.0,,,,
30177,Torgerhaugen,,,,,0.0,,,,
30377,Hogsneset N,,,,,0.0,,,,
30417,Slettneset,,,,,0.0,,,,
30597,Eggesbønes,,,,,0.0,,,,
30637,Rahkasluokta,,,,,0.0,,,,
30757,Skog,,,,,0.0,,,,
31097,Rotvika,,,,,0.0,,,,
31317,Bjørkvik,,,,,0.0,,,,
31437,Fuglåsen,,,,,0.0,,,,
31477,Kilavågen Sjø,,,,,0.0,,,,
31877,Barøya,,,,,0.0,,,,
31917,Kirkeneset,,,,,0.0,,,,
32057,Lyngøy,,,,,0.0,,,,
32237,Geitelva,,,,,0.0,,,,
32237,Sloppegrunn,,,,,0.0,,,,
32357,Skaret,,,,,0.0,,,,
32757,Horgefjorden,,,,,0.0,,,,
32797,Elvevika,,,,,0.0,,,,
33137,Brattberg,,,,,0.0,,,,
33237,Breivoll,,,,,0.0,,,,
34577,Enkeneset,,,,,0.0,,,,
34817,Eime,,,,,0.0,,,,
36138,Flatøyfjorden,,,,,0.0,,,,
36237,Vorterøya,,,,,0.0,,,,
37037,Rutlebekk,,,,,0.0,,,,
37097,Rekevika,,,,,0.0,,,,
37157,Brattvika II,,,,,0.0,,,,
37237,Børfjord,,,,,0.0,,,,
37437,Fagerholmen,,,,,0.0,,,,
38017,Storskjæret,,,,,0.0,,,,
38277,Nordre Skokkeløy,,,,,0.0,,,,
38677,Kollsvika,,,,,0.0,,,,
39237,Sandkvia,,,,,0.0,,,,
39377,Husevågøy,,,,,0.0,,,,
45016,Kjølsøyvær,,,,,0.0,,,,
45024,Lyregrunnen,,,,,0.0,,,,
45044,Linesvika,,,,,0.0,,,,
45047,Geilbukta,,,,,0.0,,,,
45089,Klubben,,,,,0.0,,,,
45099,Grønnstranda,,,,,0.0,,,,
45108,Vågsholmen,,,,,0.0,,,,
45120,Skotberget,,,,,0.0,,,,
45141,Tednevik,,,,,0.0,,,,
45160,Botnastranda,,,,,0.0,,,,
45168,Kipparfjord,,,,,0.0,,,,
45173,Sandøyan,,,,,0.0,,,,
45174,Slettevoll,,,,,0.0,,,,
45179,Veøy Sør,,,,,0.0,,,,
45190,Rypefjord,,,,,0.0,,,,
45196,Frøya,,,,,0.0,,,,
45200,Midthjell,,,,,0.0,,,,
45201,Holmen,,,,,0.0,,,,
45210,Saltskår S,,,,,0.0,,,,
45229,Lyngvær,,,,,0.0,,,,
45230,Meltefjord,,,,,0.0,,,,
45236,Langtaren,,,,,0.0,,,,
45239,Frovær,,,,,0.0,,,,
45240,Mangvardan,,,,,0.0,,,,
45243,Plomma,,,,,0.0,,,,
45244,Hingsskjæret,,,,,0.0,,,,
45249,Breisundet,,,,,0.0,,,,
45252,Hoholmen,,,,,0.0,,,,
45256,Segløygrunna,,,,,0.0,,,,
45257,Signaluokta,,,,,0.0,,,,
45262,Taregga Øst,,,,,0.0,,,,
45264,Guvla,,,,,0.0,,,,
