locality_id,locality_name,mean_lice,lice_observations,valid_observations,breach_count,breach_rate_pct
32437,Urda,0.561,43,43,27,62.79
45078,Almbakkevika,0.856,28,28,14,50.0
13035,Sauaneset I,0.53,49,49,18,36.73
12077,Tveitnesvik,0.437,44,44,13,29.55
45087,Aukan,0.405,45,45,12,26.67
13567,Knappen Solheim,0.576,48,48,11,22.92
11559,Grimsholmen,0.273,35,35,8,22.86
13570,Ulværholmen,0.421,44,44,10,22.73
28976,Kelvesteinen,0.31,43,43,9,20.93
36877,Munkskjæra,0.453,31,31,6,19.35
11758,Sauøy,0.403,32,32,6,18.75
10224,Korsneset,0.322,39,39,7,17.95
35377,Kveitskjeret,0.358,34,34,6,17.65
10425,Heggvika,0.235,36,36,6,16.67
45154,Langneset,0.297,37,37,6,16.22
13841,Brunsvik,0.572,38,38,6,15.79
34857,Salatskjæra,0.431,38,38,6,15.79
20595,Kyrholmen S,0.281,51,51,8,15.69
11198,Geiterøya I,0.438,51,51,8,15.69
20776,Storoksen,0.271,32,32,5,15.62
30036,Jørstadskjera,0.317,45,45,7,15.56
11543,Buholmen,0.28,52,52,8,15.38
36100,Suholmen,0.4,52,52,8,15.38
13887,Reitholmen,0.366,40,40,6,15.0
11651,Ramsøy S,0.279,40,40,6,15.0
13032,Sølvøyane,0.295,34,34,5,14.71
26935,Frovågneset,0.278,48,48,7,14.58
45081,Langøya,0.328,35,35,5,14.29
32857,Trettholmosen,0.41,35,35,5,14.29
11809,Krabbestig,0.452,35,35,5,14.29
10216,Skåren,0.258,36,36,5,13.89
13837,Verpeide,0.356,37,37,5,13.51
38297,Sør Gåsvær,0.232,52,52,7,13.46
11193,Gamskjæran,0.328,52,52,7,13.46
11534,Klungsholmen,0.584,52,52,7,13.46
20115,Skjerholmen N,0.291,52,52,7,13.46
34197,Brennholmen,0.26,30,30,4,13.33
34037,Kråkåsen,0.19,38,38,5,13.16
13677,Trøan Bjørklibukta,0.274,38,38,5,13.16
24735,Gulholmen,0.241,38,38,5,13.16
19115,Fugløya,0.187,38,38,5,13.16
12897,Honnhammarvika,0.282,46,46,6,13.04
13006,Hestholmen N,0.323,46,46,6,13.04
11340,Bjørnstein,0.296,39,39,5,12.82
31637,Melkøya,0.315,48,48,6,12.5
31697,Oksen,0.614,32,32,4,12.5
26575,Teigane,0.202,41,41,5,12.2
32257,Kjøtta V,0.358,50,50,6,12.0
31038,Buarøy,0.238,51,51,6,11.76
30437,Kattholmen II,0.32,51,51,6,11.76
24495,Nystølvågen,0.216,43,43,5,11.63
35657,Varden,0.259,52,52,6,11.54
45122,Lausund,0.288,52,52,6,11.54
12348,Kåholmen,0.279,52,52,6,11.54
11920,Herøy,0.338,52,52,6,11.54
25895,Flornes,0.347,26,26,3,11.54
11530,Gissøysundet S,0.457,35,35,4,11.43
19995,Hagahammaren,0.242,35,35,4,11.43
12449,Tennøya,0.233,36,36,4,11.11
11571,Holevik,0.276,27,27,3,11.11
26135,Kjørsvikgrunn,0.231,36,36,4,11.11
40037,Smedholmen,0.367,46,46,5,10.87
33077,Elveneset,0.456,46,46,5,10.87
10795,Olaneset,0.202,46,46,5,10.87
11939,Smal Skar,0.384,37,37,4,10.81
29896,Renndalen,0.218,28,28,3,10.71
19977,Jektholmen,0.308,29,29,3,10.34
45029,Ramnøya N,0.338,29,29,3,10.34
10331,Åkre,0.24,39,39,4,10.26
11633,Krossholmen,0.305,39,39,4,10.26
35517,Vadholmen,0.262,40,40,4,10.0
10311,Storlia,0.419,50,50,5,10.0
29336,Trælsøyosen,0.212,30,30,3,10.0
14042,Kattholmen,0.331,51,51,5,9.8
32157,Dyrholmen V,0.26,41,41,4,9.76
10181,Oksebåsen V,0.333,52,52,5,9.62
11644,Duesund,0.303,52,52,5,9.62
12879,Endreset,0.294,52,52,5,9.62
12435,Grøttingsøy,0.316,52,52,5,9.62
11365,Gjervika,0.183,52,52,5,9.62
12047,Mjåneset,0.463,52,52,5,9.62
33557,Langskjæra II,0.28,52,52,5,9.62
31497,Toska N,0.395,52,52,5,9.62
20559,Langskjæra,0.28,52,52,5,9.62
22955,Svollandsneset,0.234,42,42,4,9.52
36297,Kjeringeholmen,0.454,32,32,3,9.38
12872,Kattholmen,0.314,43,43,4,9.3
37217,Dale,0.227,34,34,3,8.82
31757,Kasteberget,0.254,34,34,3,8.82
33297,Nye Skorpa,0.176,34,34,3,8.82
12714,Gjerdinga,0.193,34,34,3,8.82
13249,Sagelva,0.285,35,35,3,8.57
10757,Dåvøya,0.16,47,47,4,8.51
11116,Langholmen,0.202,48,48,4,8.33
11334,Skjærvika,0.216,48,48,4,8.33
45231,Slønga,0.215,36,36,3,8.33
45002,Korsvika,0.21,37,37,3,8.11
12179,Oslandsurda,0.226,37,37,3,8.11
25835,Flatøyflu,0.281,50,50,4,8.0
11511,Hattasteinen,0.314,38,38,3,7.89
12466,Brettingen,0.253,38,38,3,7.89
17495,Vullum,0.251,38,38,3,7.89
16165,Tårnvika,0.201,51,51,4,7.84
11930,Bjelkavik,0.29,52,52,4,7.69
13503,Heggvika,0.257,52,52,4,7.69
11339,Ånderkleiva,0.206,52,52,4,7.69
30257,Hausan,0.154,39,39,3,7.69
35477,Makrellskjæret,0.355,52,52,4,7.69
38797,Oløya N,0.265,52,52,4,7.69
12980,Klubben,0.217,52,52,4,7.69
31959,Rataren II,0.274,39,39,3,7.69
12870,Leite,0.28,52,52,4,7.69
25815,Tittelsnes,0.23,40,40,3,7.5
40137,Lønngrunnen,0.181,27,27,2,7.41
45038,Hundaneset,0.234,27,27,2,7.41
13996,Hamnefjord,0.102,41,41,3,7.32
29276,Rongøy,0.162,41,41,3,7.32
38577,Skreda,0.261,28,28,2,7.14
13341,Bakjestranda,0.201,42,42,3,7.14
11667,Gardskråneset,0.243,42,42,3,7.14
10814,Mårsanjarga,0.174,42,42,3,7.14
13058,Fusavika,0.196,42,42,3,7.14
13573,Kistvika,0.215,42,42,3,7.14
24695,Årnes,0.135,29,29,2,6.9
22455,Bjørlykkestranda,0.239,29,29,2,6.9
40017,Stangnes,0.167,30,30,2,6.67
19855,Segelråa,0.296,30,30,2,6.67
12855,Kornstad,0.315,30,30,2,6.67
10229,Fætten,0.271,30,30,2,6.67
11719,Kråkenes,0.235,46,46,3,6.52
11640,Skorpeosen,0.136,46,46,3,6.52
36099,Store Kobbøy,0.213,46,46,3,6.52
12832,Risholmen,0.171,31,31,2,6.45
10825,Steinviknes,0.139,47,47,3,6.38
33657,Movikodden N,0.131,32,32,2,6.25
11736,Fureholmen S,0.355,32,32,2,6.25
36137,Jekteberget,0.148,32,32,2,6.25
33097,Skjervøy V,0.27,49,49,3,6.12
13241,Endal Vest,0.36,33,33,2,6.06
12154,Smørdalen,0.064,33,33,2,6.06
30560,Tristeinen,0.21,50,50,3,6.0
39957,Flatøyan,0.175,50,50,3,6.0
12884,Sandnesbukta,0.175,34,34,2,5.88
11611,Naveide,0.226,51,51,3,5.88
31157,Fiksneset,0.21,34,34,2,5.88
36717,Vindhammarneset,0.164,34,34,2,5.88
33617,Gjerde,0.198,34,34,2,5.88
38697,Takflua,0.209,52,52,3,5.77
12048,Skiftesneset N,0.216,52,52,3,5.77
36037,Klipen,0.168,52,52,3,5.77
24035,Håvikvågen S,0.234,52,52,3,5.77
10212,Bogen,0.243,52,52,3,5.77
22915,Kalsøyflu,0.327,52,52,3,5.77
10232,Mannbruholmen,0.143,52,52,3,5.77
31958,Ratvika,0.215,52,52,3,5.77
26775,Fjølværet Ø,0.188,52,52,3,5.77
30977,Æsøya,0.351,52,52,3,5.77
13284,Sjølyst,0.278,52,52,3,5.77
13765,Breiviken,0.173,52,52,3,5.77
28396,Lindarholmen,0.279,35,35,2,5.71
33417,Persflua,0.187,36,36,2,5.56
35597,Follesøy,0.127,37,37,2,5.41
32197,Dryna,0.163,39,39,2,5.13
26155,Slåttholmen,0.171,39,39,2,5.13
11201,Kolvikodden Ø,0.285,40,40,2,5.0
22775,Kvaløya,0.24,40,40,2,5.0
27476,Solheim,0.203,41,41,2,4.88
13227,Altaneset,0.188,41,41,2,4.88
10149,Rafdal,0.235,41,41,2,4.88
17235,Ørnes,0.215,41,41,2,4.88
13867,Raunevågen,0.193,42,42,2,4.76
11138,Skålsvika,0.195,42,42,2,4.76
36817,Kariskjæret,0.232,43,43,2,4.65
26235,Stualand,0.276,44,44,2,4.55
27015,Kjøsen,0.164,45,45,2,4.44
13629,Munkholmen,0.281,46,46,2,4.35
12298,Røysa,0.277,46,46,2,4.35
15796,Borgarliflot,0.34,47,47,2,4.26
40377,Klampvika N,0.166,47,47,2,4.26
18898,Skaftå,0.208,48,48,2,4.17
11925,Vintraviki,0.267,48,48,2,4.17
13139,Martnesvika,0.186,49,49,2,4.08
19016,Storskogøya,0.172,49,49,2,4.08
12625,Bjørgan,0.337,50,50,2,4.0
26495,Jevik,0.083,50,50,2,4.0
35237,Durmålsvika,0.17,50,50,2,4.0
20316,Korsnes,0.138,51,51,2,3.92
30097,Djupvik,0.245,51,51,2,3.92
11298,Storøya Nø,0.115,51,51,2,3.92
31557,Valøyan,0.215,51,51,2,3.92
39997,Helligvær Ø,0.251,51,51,2,3.92
45155,Holmskallen,0.252,26,26,1,3.85
37197,Ruggstein,0.161,52,52,2,3.85
45083,Vorterøyskagen,0.16,26,26,1,3.85
12966,Lindvik,0.235,52,52,2,3.85
45003,Ystøya,0.146,52,52,2,3.85
13222,Kunes,0.171,52,52,2,3.85
33737,Olausskjæret,0.182,52,52,2,3.85
13021,Gaustad,0.25,52,52,2,3.85
12380,Langøya Kvaløya,0.147,52,52,2,3.85
26795,Austvika,0.21,52,52,2,3.85
12224,Isane,0.282,52,52,2,3.85
13782,Helgeneshamn,0.144,52,52,2,3.85
12712,Slokkholmen Ø,0.327,26,26,1,3.85
13271,Almurden,0.209,52,52,2,3.85
13291,Soløya,0.168,52,52,2,3.85
13852,Gjermundnes,0.292,52,52,2,3.85
28636,Rataren,0.162,52,52,2,3.85
29537,Eldviktaren,0.184,52,52,2,3.85
45013,Sandskjæret,0.169,52,52,2,3.85
36517,Selsøyvær,0.165,52,52,2,3.85
25055,Bekksneset,0.221,27,27,1,3.7
11041,Nord Gåsvær,0.25,27,27,1,3.7
31338,Storskjeret,0.189,28,28,1,3.57
11385,Vestnes,0.132,28,28,1,3.57
11740,Haverøy,0.329,28,28,1,3.57
29816,Apalvikneset,0.166,28,28,1,3.57
37057,Mjøsund Vest,0.111,28,28,1,3.57
34018,Dolma N,0.254,28,28,1,3.57
13055,Langøyna Ø,0.211,28,28,1,3.57
18235,Bastli,0.349,28,28,1,3.57
32577,Klammerholmen,0.158,29,29,1,3.45
14076,Lismåsøy,0.262,29,29,1,3.45
12784,Ringholmen,0.141,29,29,1,3.45
31398,Finnvik,0.263,29,29,1,3.45
35817,Storevika,0.308,30,30,1,3.33
15196,Aga Ø,0.16,30,30,1,3.33
13293,Molgavlen,0.182,30,30,1,3.33
32777,Hundbergan,0.165,33,33,1,3.03
11907,Gråtnes,0.105,33,33,1,3.03
35317,Litjevika,0.145,33,33,1,3.03
22335,Storvika,0.221,34,34,1,2.94
45198,Purkholmen,0.212,34,34,1,2.94
12988,Aukrasanden,0.281,34,34,1,2.94
13572,Badstuvika,0.144,34,34,1,2.94
27436,Solværet,0.155,34,34,1,2.94
28036,Langskjæran,0.155,35,35,1,2.86
12357,Aursøysva,0.284,36,36,1,2.78
11971,Store Teistholmen Ø,0.274,36,36,1,2.78
10652,Vedbotn,0.096,36,36,1,2.78
10974,Store Bukkøy N,0.204,37,37,1,2.7
12308,Bjørndal,0.138,37,37,1,2.7
11129,Nordfugløy,0.125,37,37,1,2.7
12590,Helligholmen,0.123,38,38,1,2.63
13566,Storskrebukti,0.228,38,38,1,2.63
11714,Kvernhusvika,0.226,38,38,1,2.63
11652,Kjeppevikholmen,0.212,38,38,1,2.63
12237,Brudevika,0.081,39,39,1,2.56
45129,Kvitholmen,0.315,39,39,1,2.56
29116,Reiråklakken,0.209,39,39,1,2.56
36917,Drevflesa,0.12,39,39,1,2.56
11857,Buksevika,0.06,39,39,1,2.56
36257,Mjønes,0.175,39,39,1,2.56
38517,Måvær,0.323,39,39,1,2.56
13845,Beitveit,0.144,40,40,1,2.5
39437,Hovden,0.171,40,40,1,2.5
12134,Maradalen,0.164,40,40,1,2.5
12904,Merraberget,0.099,40,40,1,2.5
45134,Bugane,0.124,41,41,1,2.44
17357,Rennaren,0.194,41,41,1,2.44
12652,Kråkøya,0.272,41,41,1,2.44
10324,Gjerdeviksflua,0.144,41,41,1,2.44
13229,Djupedalen,0.129,42,42,1,2.38
13242,Juvika B,0.267,42,42,1,2.38
17575,Tollaksholmen,0.23,42,42,1,2.38
35997,Kviteberg,0.164,42,42,1,2.38
15659,Nøklan,0.192,43,43,1,2.33
20396,Bergsnes V,0.151,43,43,1,2.33
15460,Laholmen,0.158,45,45,1,2.22
15403,Olderøy,0.227,45,45,1,2.22
36457,Kvingra,0.25,45,45,1,2.22
26295,Langøy,0.16,46,46,1,2.17
24455,Klavelandet,0.133,46,46,1,2.17
10828,Kleppenes N,0.098,46,46,1,2.17
11665,Jibbersholmane,0.23,46,46,1,2.17
11767,Langøy,0.086,47,47,1,2.13
30236,Toppsund V,0.165,48,48,1,2.08
11738,Otterholmen,0.18,49,49,1,2.04
11205,Oterholmen I,0.25,49,49,1,2.04
45117,Knubben,0.252,49,49,1,2.04
24456,Slettholmene,0.137,49,49,1,2.04
11813,Svinøy V,0.224,49,49,1,2.04
12244,Setevika,0.181,50,50,1,2.0
33017,Setevika N,0.221,50,50,1,2.0
12394,Ørnøya,0.142,50,50,1,2.0
31677,Sandholmane,0.249,50,50,1,2.0
35677,Brottøy,0.17,51,51,1,1.96
37857,Seiskjæret,0.158,51,51,1,1.96
32877,Skorpo,0.252,51,51,1,1.96
24696,Ørnøya II,0.133,51,51,1,1.96
31397,Oterneset,0.21,51,51,1,1.96
36177,Skjellesvika,0.133,51,51,1,1.96
13205,Brattholmen,0.174,51,51,1,1.96
10213,Naustneset,0.181,52,52,1,1.92
18639,Halsavika,0.292,52,52,1,1.92
24175,Ytre Lavollsfjord,0.134,52,52,1,1.92
30917,Elgen,0.172,52,52,1,1.92
14495,Nordeimsøyna,0.292,52,52,1,1.92
21676,Kråkholmen,0.252,52,52,1,1.92
30076,Kyrøyene,0.158,52,52,1,1.92
11928,Langavika,0.134,52,52,1,1.92
15860,Kvenbukta V,0.244,52,52,1,1.92
13290,Stigvika,0.196,52,52,1,1.92
36617,Harbakholmen,0.174,52,52,1,1.92
12483,Hjortholman,0.142,52,52,1,1.92
11657,Gråvika,0.175,52,52,1,1.92
34397,Hyseneset,0.293,52,52,1,1.92
10759,Karanes,0.077,52,52,1,1.92
11413,Sandan Sø,0.185,52,52,1,1.92
10893,Rensøya N,0.097,52,52,1,1.92
14039,Litle Lunnøy,0.127,52,52,1,1.92
37357,Brensholmen,0.22,52,52,1,1.92
30297,Krabbholmen,0.185,52,52,1,1.92
17177,Grunneneset,0.236,52,52,1,1.92
32037,Grasholman,0.164,52,52,1,1.92
30517,Trælvika,0.133,34,34,0,0.0
33777,Lausklubben,0.01,34,34,0,0.0
32697,Steilo,0.133,32,32,0,0.0
32637,Veidnes,0.029,34,34,0,0.0
32597,Fjordprakken,0.161,33,33,0,0.0
33697,Forrahammaren,0.111,37,37,0,0.0
32598,Kokelv,0.062,38,38,0,0.0
33757,Håbranden,0.088,36,36,0,0.0
30537,Steinflesa,0.245,37,37,0,0.0
31717,Gjerset V,0.088,42,42,0,0.0
30559,Øksneset,0.156,50,50,0,0.0
32617,Ytre Koven,0.037,52,52,0,0.0
31738,Bjørga,0.085,39,39,0,0.0
32277,Andholmen 1,0.164,52,52,0,0.0
32397,Storvika I Skjerstadfjorden,0.016,52,52,0,0.0
32417,Hjartholmosen,0.142,42,42,0,0.0
32537,Baltsfjord,0.099,52,52,0,0.0
33537,Buholmen,0.076,29,29,0,0.0
31217,Stokkasjøen,0.11,36,36,0,0.0
31297,Tortenneset,0.009,33,33,0,0.0
10858,Mulingen,0.029,37,37,0,0.0
10876,Istervika,0.078,39,39,0,0.0
31857,Blomsøråsa,0.09,35,35,0,0.0
31817,Svartskjær,0.048,39,39,0,0.0
31797,Fartøyvika,0.062,39,39,0,0.0
10961,Skonseng,0.105,52,52,0,0.0
30657,Revøy,0.052,43,43,0,0.0
33157,Skogsholmen,0.127,35,35,0,0.0
10990,Lille Åsvær,0.137,32,32,0,0.0
11015,Brattholmen,0.103,35,35,0,0.0
33117,Djupvik,0.135,42,42,0,0.0
11074,Kvalvika,0.144,46,46,0,0.0
11076,Digermulen,0.182,52,52,0,0.0
10734,Gourtesjouka,0.081,27,27,0,0.0
32977,Måren,0.213,31,31,0,0.0
10735,Årøya,0.063,52,52,0,0.0
32897,Breivika S,0.205,38,38,0,0.0
31357,Geitryggen,0.115,52,52,0,0.0
31457,Skarvestein,0.115,37,37,0,0.0
31577,Haneholmen,0.086,33,33,0,0.0
31777,Reinvika,0.105,31,31,0,0.0
45017,Bakfjorden,0.014,31,31,0,0.0
45023,Varpet,0.102,28,28,0,0.0
45025,Vegglandet,0.157,35,35,0,0.0
45032,Ytterflesa,0.267,28,28,0,0.0
45037,Kjølvika I,0.17,51,51,0,0.0
38757,Gaukværøy,0.052,33,33,0,0.0
38777,Hallarvik,0.09,27,27,0,0.0
38857,Vannfjorden,0.105,33,33,0,0.0
38997,Ilsøya 2,0.173,26,26,0,0.0
39197,Kverhelleskjeret,0.168,36,36,0,0.0
39217,Hårkallbåen,0.223,26,26,0,0.0
10796,Hundbergan,0.008,31,31,0,0.0
39657,Skipperdalsneset,0.134,37,37,0,0.0
40118,Svindalen I,0.2,43,43,0,0.0
36937,Hallvardsøya,0.138,34,34,0,0.0
37177,Djuptaren,0.245,36,36,0,0.0
37297,Larstangen,0.155,34,34,0,0.0
37557,Davatluft,0.121,38,38,0,0.0
37797,Skjortneset II,0.164,52,52,0,0.0
38037,Andalsvågen I,0.0,27,27,0,0.0
38057,Hamnsundet I,0.012,32,32,0,0.0
38217,Hardbakkeneset,0.214,35,35,0,0.0
36317,Varholmen,0.041,34,34,0,0.0
39477,Hundvika Aust,0.145,27,27,0,0.0
10054,Tobbeholmane,0.181,26,26,0,0.0
10292,Lyklingholmen N,0.126,27,27,0,0.0
10303,Nappeholmane,0.011,27,27,0,0.0
45135,Voravika,0.141,32,32,0,0.0
45060,Pundsvik I,0.057,32,32,0,0.0
45066,Lingaholmane,0.06,40,40,0,0.0
45068,Grænholmen,0.102,39,39,0,0.0
45070,Kristianneset,0.023,27,27,0,0.0
45072,Bleket,0.119,52,52,0,0.0
45077,Ørnhaugneset,0.178,26,26,0,0.0
45092,Smælingen,0.098,38,38,0,0.0
45014,Nordfoldleira I,0.099,48,48,0,0.0
10136,Onarøy,0.335,38,38,0,0.0
45140,Nordskaftet,0.088,35,35,0,0.0
45142,Ytre Baltsfjord,0.119,52,52,0,0.0
45166,Storvikneset,0.22,33,33,0,0.0
45167,Heggeset,0.165,35,35,0,0.0
45206,Lyngholmane,0.149,52,52,0,0.0
45208,Sandfjordneset,0.002,28,28,0,0.0
45211,Saltskår,0.148,29,29,0,0.0
45215,Iselva,0.029,29,29,0,0.0
10110,Djupevik,0.119,27,27,0,0.0
40357,Nordnesbukta,0.036,34,34,0,0.0
45005,Grøtnes N,0.124,27,27,0,0.0
10113,Kobbavika,0.158,26,26,0,0.0
35197,Hjortøya,0.182,52,52,0,0.0
35297,Ådnøy Sø,0.16,32,32,0,0.0
35318,Sortevika,0.105,31,31,0,0.0
35337,Småvær,0.28,29,29,0,0.0
35617,Mulnesodden,0.096,52,52,0,0.0
33997,Næringsbukta,0.025,33,33,0,0.0
33998,Klubben,0.018,33,33,0,0.0
34057,Mohamn,0.028,27,27,0,0.0
34117,Skåtholmen,0.11,30,30,0,0.0
34137,Skårliodden,0.154,52,52,0,0.0
34257,Lekafjorden II,0.212,28,28,0,0.0
36337,Vardskjæret S,0.169,33,33,0,0.0
34357,Gisløy Nø,0.163,49,49,0,0.0
34457,Langås,0.244,31,31,0,0.0
34477,Nausttaren,0.049,26,26,0,0.0
34697,Øyra,0.067,33,33,0,0.0
34717,Eidisholman,0.205,28,28,0,0.0
33177,Krabbholmen II,0.208,52,52,0,0.0
33197,Jernelva,0.033,42,42,0,0.0
33218,Hosenøyan,0.143,35,35,0,0.0
33457,Ånderbakk,0.28,28,28,0,0.0
33477,Reinsnesøya,0.233,51,51,0,0.0
33517,Petternes,0.007,30,30,0,0.0
34297,Stabben,0.125,51,51,0,0.0
36417,Borvika,0.031,32,32,0,0.0
36497,Lille Djupfest,0.117,31,31,0,0.0
36737,Hallsteinhamn I,0.131,34,34,0,0.0
36757,Lubben,0.155,52,52,0,0.0
36797,Korsnes,0.195,46,46,0,0.0
35797,Årsetfjorden,0.177,37,37,0,0.0
35838,Vengsøy,0.203,32,32,0,0.0
35877,Eiterfjorden,0.103,39,39,0,0.0
35957,Danielsvika,0.025,30,30,0,0.0
35977,Lian,0.018,30,30,0,0.0
36017,Sørværet,0.137,38,38,0,0.0
10317,Garvik,0.11,35,35,0,0.0
36178,Haukøya Ø,0.245,47,47,0,0.0
36217,Kalvhylla,0.104,52,52,0,0.0
34797,Kalvhagan II,0.052,38,38,0,0.0
34997,Bjørnøya,0.256,31,31,0,0.0
10794,Mortensnes,0.14,45,45,0,0.0
30837,Torangskjeret,0.179,51,51,0,0.0
10803,Fjellbukt,0.191,48,48,0,0.0
10804,Karvika,0.098,31,31,0,0.0
10806,Rakkenes,0.066,32,32,0,0.0
10808,Hjellberget,0.112,32,32,0,0.0
10821,Tuvan,0.031,47,47,0,0.0
10822,Rivarbukt,0.059,47,47,0,0.0
36077,Mollvika,0.196,52,52,0,0.0
13234,Kysnes,0.212,26,26,0,0.0
13243,Sandvika,0.114,37,37,0,0.0
13246,Voldnes,0.145,35,35,0,0.0
13306,Ystevika,0.09,52,52,0,0.0
13337,Hovdenakken,0.104,36,36,0,0.0
13339,Klungervikneset,0.017,27,27,0,0.0
13020,Nygård,0.135,52,52,0,0.0
13047,Våtvika,0.136,28,28,0,0.0
13143,Bondejorda,0.084,37,37,0,0.0
13196,Syltøy,0.162,33,33,0,0.0
13221,Nautvik,0.208,32,32,0,0.0
10291,Hiskholmen,0.22,28,28,0,0.0
12839,Vindsnes,0.096,37,37,0,0.0
11770,Rotøy,0.202,39,39,0,0.0
11771,Grisholmsundet,0.04,40,40,0,0.0
11772,Moldøyosen,0.062,49,49,0,0.0
11786,Høyvika,0.205,39,39,0,0.0
11791,Langeråa,0.098,52,52,0,0.0
11800,Austneståa,0.184,35,35,0,0.0
11803,Kyravika,0.098,39,39,0,0.0
11833,Flåtegrunnen,0.094,30,30,0,0.0
12890,Høybuvika,0.199,50,50,0,0.0
12892,Sjølsvik,0.135,48,48,0,0.0
12895,Halsbukta,0.248,33,33,0,0.0
13226,Vindsvik,0.0,39,39,0,0.0
14018,Toska S,0.144,49,49,0,0.0
14019,Øksningen,0.148,38,38,0,0.0
14035,Guleskjeret,0.159,33,33,0,0.0
13644,Tepstad,0.143,34,34,0,0.0
13669,Furneset,0.195,33,33,0,0.0
11575,Koløy N,0.0,36,36,0,0.0
11605,Soløy Ø,0.142,30,30,0,0.0
11689,Kjerringneset,0.212,32,32,0,0.0
11350,Lavika,0.207,52,52,0,0.0
11351,Trollvika,0.11,50,50,0,0.0
13691,Oterfjorden,0.028,39,39,0,0.0
13711,Dyvika,0.138,49,49,0,0.0
13612,Rundreimstranda,0.146,42,42,0,0.0
13764,Kokvika,0.181,39,39,0,0.0
13804,Rogndalen,0.141,51,51,0,0.0
13838,Hegnes,0.107,37,37,0,0.0
13345,Oterstegdalen,0.068,32,32,0,0.0
13530,Sjåneset,0.088,35,35,0,0.0
13531,Skogshamn,0.134,36,36,0,0.0
13554,Overåneset,0.143,38,38,0,0.0
13562,Uføro,0.188,40,40,0,0.0
13563,Angelskår,0.208,36,36,0,0.0
13568,Storevik,0.115,34,34,0,0.0
13592,Hammer,0.044,27,27,0,0.0
13597,Salangslia,0.049,34,34,0,0.0
13727,Svellungen,0.128,52,52,0,0.0
12127,Mælen,0.013,42,42,0,0.0
12156,Blom,0.12,49,49,0,0.0
12178,Bjønnspjotneset,0.116,46,46,0,0.0
11854,Pinnen,0.024,38,38,0,0.0
11856,Salvågvika,0.059,39,39,0,0.0
45233,Leikvika,0.086,29,29,0,0.0
10256,Bondøya,0.145,38,38,0,0.0
10262,Lille Kvitholmen,0.275,28,28,0,0.0
10328,Sagvik,0.088,39,39,0,0.0
10398,Seiskjæra,0.11,35,35,0,0.0
10421,Storvikbukta,0.072,38,38,0,0.0
10447,Mefaldskjæret,0.165,32,32,0,0.0
12982,Aldeøyna,0.184,37,37,0,0.0
10536,Høgholmen,0.198,32,32,0,0.0
10611,Marøya,0.007,29,29,0,0.0
10660,Skinnstakkvika,0.038,45,45,0,0.0
10724,Klokkstein,0.168,32,32,0,0.0
10726,Uløybukt,0.042,33,33,0,0.0
45049,Bergkråa,0.023,31,31,0,0.0
45050,Skarvhammaren,0.121,36,36,0,0.0
45058,Urdaneset,0.155,35,35,0,0.0
10041,Kviksholmen,0.121,31,31,0,0.0
10281,Store Kvalfjord,0.03,34,34,0,0.0
45004,Mulen,0.138,38,38,0,0.0
10087,Kalvøya N,0.139,36,36,0,0.0
10513,Nedre Kvarv,0.149,36,36,0,0.0
12406,Rauodden,0.145,52,52,0,0.0
12660,Kipholmen,0.094,32,32,0,0.0
12662,Ternskjæret II,0.254,37,37,0,0.0
12789,Gunnarøya,0.07,26,26,0,0.0
12794,Rundklumpen,0.065,26,26,0,0.0
12209,Rønstad,0.113,30,30,0,0.0
12212,Lindeneset,0.076,45,45,0,0.0
11861,Skipningsdalen,0.132,36,36,0,0.0
11893,Fosså,0.242,32,32,0,0.0
11913,Kjeahola,0.168,28,28,0,0.0
11922,Oanes Sjø,0.0,43,43,0,0.0
11966,Skigelstrand,0.15,52,52,0,0.0
12109,Ebne,0.17,40,40,0,0.0
12213,Kvangardsnes,0.161,26,26,0,0.0
12215,Kleppeneset,0.09,34,34,0,0.0
12265,Gudmundset,0.18,38,38,0,0.0
12281,Rogne,0.193,39,39,0,0.0
12385,Lyngvær Ø II,0.187,40,40,0,0.0
12035,Hondskår,0.063,42,42,0,0.0
12036,Hisdalen,0.14,42,42,0,0.0
12071,Ommundsteigen,0.122,52,52,0,0.0
12078,Gangdal,0.176,28,28,0,0.0
12081,Straumneset,0.214,28,28,0,0.0
12086,Alsåkervik,0.038,37,37,0,0.0
12095,Bergadalen,0.08,41,41,0,0.0
12018,Rossholmen,0.081,34,34,0,0.0
11303,Veggfjell,0.033,33,33,0,0.0
11312,Svartfjell,0.079,34,34,0,0.0
11315,Hellarvika,0.155,35,35,0,0.0
11332,Myrlandshaug,0.157,39,39,0,0.0
10837,Kraken,0.029,52,52,0,0.0
10838,Slettnesfjord,0.054,52,52,0,0.0
10840,Lille Kufjord,0.084,33,33,0,0.0
26435,Mjølsvik,0.227,52,52,0,0.0
26955,Hettaneset,0.252,49,49,0,0.0
27055,Oddane,0.279,52,52,0,0.0
27095,Ihlholmen,0.024,28,28,0,0.0
14016,Auenes,0.155,27,27,0,0.0
24575,Farmannsøya,0.15,40,40,0,0.0
24615,Grunnsøya,0.025,35,35,0,0.0
25695,Gjerde,0.165,46,46,0,0.0
25736,Josommarset,0.096,28,28,0,0.0
26055,Toppsund Ø,0.102,41,41,0,0.0
22596,Hesbygrunnen,0.077,29,29,0,0.0
23055,Storvika V,0.144,37,37,0,0.0
23056,Lekangsund II,0.151,39,39,0,0.0
23375,Sørevik,0.188,32,32,0,0.0
23816,Nordbotnet,0.111,31,31,0,0.0
24115,Singsholmen,0.194,34,34,0,0.0
24135,Utåker,0.032,39,39,0,0.0
27215,Myrane,0.171,37,37,0,0.0
30897,Havsundet,0.135,52,52,0,0.0
30957,Salaluokta,0.009,28,28,0,0.0
30997,Skrubbholmen,0.168,49,49,0,0.0
29476,Klokkardalen,0.104,33,33,0,0.0
29557,Komagnes,0.033,47,47,0,0.0
29576,Kalvik,0.051,40,40,0,0.0
29756,Indre Bringenes,0.083,34,34,0,0.0
29776,Teksmona,0.077,36,36,0,0.0
29957,Nakkestad,0.046,45,45,0,0.0
30117,Skognes,0.101,34,34,0,0.0
30156,Anevik,0.113,30,30,0,0.0
30196,Ådnekvamme,0.0,29,29,0,0.0
11290,Stormneset,0.076,30,30,0,0.0
28096,Slåttenes,0.0,36,36,0,0.0
28296,Skommesvik,0.152,28,28,0,0.0
28336,Breivika,0.223,38,38,0,0.0
28676,Olvika,0.015,27,27,0,0.0
28896,Stangholmen,0.193,29,29,0,0.0
28956,Meløysjøen,0.091,39,39,0,0.0
28996,Loddetå,0.079,34,34,0,0.0
29356,Smineset N,0.173,31,31,0,0.0
29376,Sundsøy,0.171,43,43,0,0.0
11238,Langøyhovden,0.021,33,33,0,0.0
11272,Øksengård,0.015,33,33,0,0.0
11273,Skysselvika V,0.018,30,30,0,0.0
30216,Kvitfloget,0.061,35,35,0,0.0
19875,Or,0.233,44,44,0,0.0
20075,Tjajneluokta,0.08,29,29,0,0.0
15957,Latvika,0.016,34,34,0,0.0
16015,Russelva,0.125,35,35,0,0.0
16255,Skarvfjell,0.05,32,32,0,0.0
17015,Seglberget,0.042,28,28,0,0.0
17077,Trettevik,0.123,27,27,0,0.0
17176,Holandselv,0.144,35,35,0,0.0
18275,Kjeringå,0.109,28,28,0,0.0
14043,Lybergsvika,0.21,52,52,0,0.0
14086,Lelandsholmen,0.149,39,39,0,0.0
14136,Hestholmen Ø,0.228,49,49,0,0.0
24197,Værøya Ø,0.22,29,29,0,0.0
14799,Djupestallen,0.157,29,29,0,0.0
15375,Sørøyflesa,0.135,52,52,0,0.0
15455,Daumannsvika,0.009,32,32,0,0.0
15456,Søreide,0.131,41,41,0,0.0
15517,Tinnlandet,0.134,34,34,0,0.0
13865,Spergittklubben,0.029,32,32,0,0.0
13870,Eikebærånæ,0.085,51,51,0,0.0
13874,Fyllingsnes S,0.063,26,26,0,0.0
13876,Litletveitholane,0.124,52,52,0,0.0
13886,Hallarøy V,0.181,50,50,0,0.0
13931,Hjartøy Ø,0.111,31,31,0,0.0
13949,Hagebergan,0.11,33,33,0,0.0
14245,Jakobsteinsvika,0.187,29,29,0,0.0
24295,Isbergan,0.074,34,34,0,0.0
24315,Gjæsingen,0.112,41,41,0,0.0
11363,Enkeltstein,0.079,41,41,0,0.0
11381,Dypingen,0.109,31,31,0,0.0
11405,Innerbrokløysa,0.103,27,27,0,0.0
11433,Finnvika S,0.167,52,52,0,0.0
11435,Bryggelandsholmane,0.063,52,52,0,0.0
11513,Andal,0.097,41,41,0,0.0
11533,Usholmsvika,0.134,49,49,0,0.0
11144,Svinvær,0.099,37,37,0,0.0
20815,Slettvika,0.196,34,34,0,0.0
20876,Børøya,0.017,32,32,0,0.0
19336,Flatholmen,0.129,30,30,0,0.0
21016,Husfjord,0.06,40,40,0,0.0
21176,Risvik,0.106,34,34,0,0.0
21397,Midt Femris,0.18,26,26,0,0.0
21415,Dyrholmen,0.31,52,52,0,0.0
21755,Tendalsvik,0.025,39,39,0,0.0
21795,Skarvhausen,0.116,35,35,0,0.0
22035,Buktodden Nø,0.247,27,27,0,0.0
22095,Hågardsneset,0.109,51,51,0,0.0
18717,Hammarvika,0.202,52,52,0,0.0
18936,Igerøy Ø,0.122,52,52,0,0.0
19098,Leivsethamran,0.002,30,30,0,0.0
19195,Korsholman,0.008,29,29,0,0.0
20897,Gisløy S,0.08,37,37,0,0.0
